rank,id,object_type,RA,Dec,constellation,major_axis_deg,minor_axis_deg,mag_v,mag_b,mag_proxy,wikipedia_url,common_names,identifiers
25,NGC2422,OCl,07:36:35.02,-14:28:57.4,Pup,19.8,,4.4,4.42,4.4,https://en.wikipedia.org/wiki/Messier_47,,MWSC 1278
26,NGC2287,OCl,06:45:59.94,-20:45:15.2,CMa,12.0,,4.5,4.89,4.5,https://en.wikipedia.org/wiki/Messier_41,,MWSC 0978
30,NGC7092,OCl,21:31:48.32,+48:26:17.4,Cyg,19.5,,4.6,4.66,4.6,https://en.wikipedia.org/wiki/Messier_39,,MWSC 3521
31,IC4725,OCl,18:31:46.77,-19:06:53.8,Sgr,14.1,,4.6,5.29,4.6,https://en.wikipedia.org/wiki/Messier_25,,MWSC 2940
39,NGC6254,GCl,16:57:08.99,-04:05:57.6,Oph,9.3,,4.98,,4.98,https://en.wikipedia.org/wiki/Messier_10,,MWSC 2498
42,NGC2168,OCl,06:09:05.06,+24:20:19.1,Gem,24.0,,5.1,5.31,5.1,https://en.wikipedia.org/wiki/Messier_35,,MWSC 0754
45,NGC1039,OCl,02:42:07.40,+42:44:46.1,Per,22.5,,5.2,5.37,5.2,https://en.wikipedia.org/wiki/Messier_34,,MWSC 0223
50,NGC6121,GCl,16:23:35.40,-26:31:31.9,Sco,28.2,,5.4,,5.4,https://en.wikipedia.org/wiki/Messier_4,,MWSC 2396
54,NGC6494,OCl,17:57:04.77,-18:59:07.2,Sgr,16.8,,5.5,6.03,5.5,https://en.wikipedia.org/wiki/Messier_23,,MWSC 2757
57,NGC6273,GCl,17:02:37.68,-26:16:04.6,Oph,7.5,,5.57,8.45,5.57,https://en.wikipedia.org/wiki/Messier_19,,MWSC 2519
59,NGC2099,OCl,05:52:18.35,+32:33:10.8,Aur,11.4,,5.6,6.19,5.6,https://en.wikipedia.org/wiki/Messier_37,,MWSC 0689
64,NGC6402,GCl,17:37:36.16,-03:14:45.3,Oph,,,5.73,9.55,5.73,https://en.wikipedia.org/wiki/Messier_14,,MWSC 2643
67,NGC2548,OCl,08:13:43.18,-05:45:01.6,Hya,28.2,,5.8,6.11,5.8,https://en.wikipedia.org/wiki/Messier_48,,MWSC 1454
73,NGC2323,OCl,07:02:40.47,-08:21:50.5,Mon,14.1,,5.9,6.27,5.9,https://en.wikipedia.org/wiki/Messier_50,,MWSC 1072
77,NGC6531,OCl,18:04:13.45,-22:29:24.2,Sgr,6.0,,5.9,,5.9,https://en.wikipedia.org/wiki/Messier_21,,MWSC 2796
78,NGC5904,GCl,15:18:33.75,+02:04:57.7,Se1,15.0,,5.95,7.34,5.95,https://en.wikipedia.org/wiki/Messier_5,,MWSC 2286
83,NGC1960,OCl,05:36:17.74,+34:08:26.7,Aur,7.2,,6.0,6.09,6.0,https://en.wikipedia.org/wiki/Messier_36,,MWSC 0594
88,NGC6218,GCl,16:47:14.52,-01:56:52.2,Oph,11.1,,6.07,8.52,6.07,https://en.wikipedia.org/wiki/Messier_12,,MWSC 2464
89,NGC2437,OCl,07:41:46.82,-14:48:36.0,Pup,21.0,,6.1,6.33,6.1,https://en.wikipedia.org/wiki/Messier_46,,MWSC 1313
93,NGC6838,GCl,19:53:46.11,+18:46:42.2,Sge,6.9,,6.1,7.91,6.1,https://en.wikipedia.org/wiki/Messier_71,,MWSC 3200
95,NGC6656,GCl,18:36:24.20,-23:54:12.3,Sgr,12.6,,6.17,7.16,6.17,https://en.wikipedia.org/wiki/Messier_22,,MWSC 2961
96,NGC2447,OCl,07:44:29.23,-23:51:11.1,Pup,15.0,,6.2,6.57,6.2,https://en.wikipedia.org/wiki/Messier_93,,MWSC 1324
98,NGC7089,GCl,21:33:27.01,-00:49:23.9,Aqr,8.4,,6.25,,6.25,https://en.wikipedia.org/wiki/Messier_2,,MWSC 3526
101,NGC7078,GCl,21:29:58.38,+12:10:00.6,Peg,11.1,,6.3,3.0,6.3,https://en.wikipedia.org/wiki/Messier_15,,"IRAS 21274+1156,MWSC 3518,PN G065.0-27.3"
109,NGC1912,OCl,05:28:42.49,+35:51:17.7,Aur,9.6,,6.4,6.69,6.4,https://en.wikipedia.org/wiki/Messier_38,,MWSC 0557
112,NGC6809,GCl,19:39:59.40,-30:57:43.5,Sgr,12.0,,6.49,,6.49,https://en.wikipedia.org/wiki/Messier_55,,MWSC 3150
122,NGC6341,GCl,17:17:07.27,+43:08:11.5,Her,14.4,,6.52,,6.52,https://en.wikipedia.org/wiki/Messier_92,,MWSC 2557
127,NGC6913,OCl,20:23:57.77,+38:30:27.6,Cyg,3.6,,6.6,7.3,6.6,https://en.wikipedia.org/wiki/Messier_29,,MWSC 3329
142,NGC2682,OCl,08:51:20.13,+11:48:43.0,Cnc,33.0,,6.9,7.6,6.9,https://en.wikipedia.org/wiki/Messier_67,,MWSC 1585
144,NGC7654,OCl,23:24:48.40,+61:35:35.4,Cas,9.9,,6.9,,6.9,https://en.wikipedia.org/wiki/Messier_52,,MWSC 3725
147,NGC6613,OCl,18:19:58.49,-17:06:07.1,Sgr,6.0,,6.9,7.24,6.9,https://en.wikipedia.org/wiki/Messier_18,,MWSC 2892
149,NGC6626,GCl,18:24:32.89,-24:52:11.4,Sgr,5.1,,6.9,,6.9,https://en.wikipedia.org/wiki/Messier_28,,MWSC 2908
166,NGC7099,GCl,21:40:22.02,-23:10:44.7,Cap,9.0,,7.1,,7.1,https://en.wikipedia.org/wiki/Messier_30,,MWSC 3543
183,NGC5236,G,13:37:00.95,-29:51:55.5,Hya,13.61,13.21,7.21,7.82,7.21,https://en.wikipedia.org/wiki/Messier_83,Southern Pinwheel Galaxy,"2MASX J13370091-2951567,ESO 444-081,ESO-LV 444-0810,IRAS 13341-2936,MCG -05-32-050,PGC 048082,UGCA 366"
192,NGC6093,GCl,16:17:02.51,-22:58:30.4,Sco,5.7,,7.3,,7.3,https://en.wikipedia.org/wiki/Messier_80,,MWSC 2376
196,NGC6266,GCl,17:01:12.60,-30:06:44.5,Oph,7.8,,7.39,8.55,7.39,https://en.wikipedia.org/wiki/Messier_62,,MWSC 2512
208,NGC0581,OCl,01:33:21.81,+60:39:28.8,Cas,4.5,,7.4,7.72,7.4,https://en.wikipedia.org/wiki/Messier_103,,MWSC 0124
232,NGC6715,GCl,18:55:03.27,-30:28:42.6,Sgr,5.1,,7.7,,7.7,https://en.wikipedia.org/wiki/Messier_54,,MWSC 3023
238,NGC5024,GCl,13:12:55.23,+18:10:08.8,Com,9.0,,7.79,8.95,7.79,https://en.wikipedia.org/wiki/Messier_53,,MWSC 2094
253,NGC4590,GCl,12:39:28.01,-26:44:34.9,Hya,6.6,,7.96,10.26,7.96,https://en.wikipedia.org/wiki/Messier_68,,MWSC 2059
261,NGC2068,RfN,05:46:45.82,+00:04:45.5,Ori,4.5,,8.0,8.0,8.0,https://en.wikipedia.org/wiki/Messier_78,,MWSC 0664
270,NGC0221,G,00:42:41.83,+40:51:55.0,And,7.74,4.86,8.13,8.89,8.13,https://en.wikipedia.org/wiki/Messier_32,,"2MASX J00424182+4051546,IRAS 00399+4035,MCG +07-02-015,PGC 002555,UGC 00452"
271,NGC0205,G,00:40:22.08,+41:41:07.1,And,16.22,9.59,8.15,8.9,8.15,https://en.wikipedia.org/wiki/Messier_110,,"2MASX J00402207+4141070,IRAS 00376+4124,MCG +07-02-014,PGC 002429,UGC 00426"
272,NGC1904,GCl,05:24:10.59,-24:31:27.2,Lep,7.2,,8.16,9.21,8.16,https://en.wikipedia.org/wiki/Messier_79,,MWSC 0528
285,NGC4736,G,12:50:53.06,+41:07:13.6,CVn,7.74,6.68,8.24,8.71,8.24,https://en.wikipedia.org/wiki/Messier_94,,"2MASX J12505314+4107125,IRAS 12485+4123,MCG +07-26-058,PGC 043495,UGC 07996"
286,NGC6864,GCl,20:06:04.84,-21:55:20.0,Sgr,3.6,,8.26,,8.26,https://en.wikipedia.org/wiki/Messier_75,,"2MASX J20060484-2155201,MWSC 3254"
287,NGC4472,G,12:29:46.76,+08:00:01.7,Vir,10.21,8.38,8.28,9.35,8.28,https://en.wikipedia.org/wiki/Messier_49,,"2MASX J12294679+0800014,MCG +01-32-083,PGC 041220,SDSS J122946.76+080001.7,UGC 07629"
297,NGC6637,GCl,18:31:23.23,-32:20:52.7,Sgr,5.7,,8.31,9.32,8.31,https://en.wikipedia.org/wiki/Messier_69,,MWSC 2936
303,NGC6779,GCl,19:16:35.51,+30:11:04.2,Lyr,5.8,,8.4,8.9,8.4,https://en.wikipedia.org/wiki/Messier_56,,MWSC 3077
311,NGC6333,GCl,17:19:11.78,-18:30:58.5,Oph,6.9,,8.42,9.36,8.42,https://en.wikipedia.org/wiki/Messier_9,,MWSC 2567
312,NGC2403,G,07:36:51.40,+65:36:09.2,Cam,19.95,10.07,8.43,8.83,8.43,https://en.wikipedia.org/wiki/NGC_2403,,"2MASX J07365139+6536091,C 007,IRAS 07321+6543,MCG +11-10-007,PGC 021396,UGC 03918"
327,NGC4826,G,12:56:43.64,+21:40:58.7,Com,10.52,5.33,8.52,9.27,8.52,https://en.wikipedia.org/wiki/Messier_64,"Black Eye Galaxy,Evil Eye Galaxy","2MASX J12564369+2140575,IRAS 12542+2157,MCG +04-31-001,PGC 044182,UGC 08062"
329,NGC0055,G,00:14:53.60,-39:11:47.9,Scl,29.85,3.05,8.54,8.39,8.54,https://en.wikipedia.org/wiki/NGC_55,,"2MASX J00145360-3911478,C 072,ESO 293-050,ESO-LV 293-0500,IRAS 00125-3928,MCG -07-01-013,PGC 001014"
337,NGC5055,G,13:15:49.33,+42:01:45.4,CVn,11.83,7.16,8.61,9.32,8.61,https://en.wikipedia.org/wiki/Messier_63,Sunflower Galaxy,"2MASX J13154932+4201454,IRAS 13135+4217,MCG +07-27-054,PGC 046153,SDSS J131549.26+420145.8,UGC 08334"
339,NGC0300,G,00:54:53.48,-37:41:03.8,Scl,19.41,13.06,8.66,8.77,8.66,https://en.wikipedia.org/wiki/NGC_300,,"2MASX J00545347-3741037,C 070,ESO 295-020,ESO-LV 295-0200,IRAS 00525-3757,MCG -06-03-005,PGC 003238"
341,NGC1269,G,03:17:18.59,-41:06:29.0,Eri,11.17,9.93,8.7,9.42,8.7,https://en.wikipedia.org/wiki/NGC_1269,,"2MASX J03171859-4106290,ESO 301-002,ESO-LV 301-0020,IRAS 03154-4117,MCG -07-07-008,PGC 012209"
343,NGC4649,G,12:43:39.98,+11:33:09.7,Vir,6.78,5.45,8.79,9.79,8.79,https://en.wikipedia.org/wiki/Messier_60,,"2MASS J12434000+1133099,2MASX J12434000+1133093,MCG +02-33-002,PGC 042831,SDSS J124339.97+113309.7,UGC 07898"
353,NGC6171,GCl,16:32:31.92,-13:03:13.1,Oph,7.8,,8.85,9.96,8.85,https://en.wikipedia.org/wiki/Messier_107,,MWSC 2422
354,NGC4406,G,12:26:11.74,+12:56:46.4,Vir,11.53,8.43,8.86,9.74,8.86,https://en.wikipedia.org/wiki/Messier_86,,"2MASX J12261181+1256454,MCG +02-32-046,PGC 040653,SDSS J122611.75+125646.3,UGC 07532"
358,NGC6694,OCl,18:45:18.66,-09:23:01.0,Sct,6.0,,8.87,8.0,8.87,https://en.wikipedia.org/wiki/Messier_26,,MWSC 2987
367,NGC6994,Other,20:58:55.97,-12:38:07.8,Aqr,,,8.9,,8.9,https://en.wikipedia.org/wiki/Messier_73,,
368,NGC2903,G,09:32:10.11,+21:30:03.0,Leo,11.94,5.28,8.91,9.53,8.91,https://en.wikipedia.org/wiki/NGC_2903,,"2MASX J09321011+2130029,IRAS 09293+2143,MCG +04-23-009,PGC 027077,UGC 05079"
369,NGC3627,G,11:20:14.96,+12:59:29.5,Leo,10.28,4.61,8.92,9.73,8.92,https://en.wikipedia.org/wiki/Messier_66,,"2MASX J11201502+1259286,IRAS 11176+1315,MCG +02-29-019,PGC 034695,SDSS J112014.98+125929.4,UGC 06346"
370,NGC6981,GCl,20:53:27.91,-12:32:13.4,Aqr,4.5,,8.96,9.95,8.96,https://en.wikipedia.org/wiki/Messier_72,,MWSC 3419
373,NGC1982,HII,05:35:31.38,-05:16:02.9,Ori,20.0,15.0,9.0,9.0,9.0,https://en.wikipedia.org/wiki/Messier_43,Mairan's Nebula,2MASS J05353135-0516026
374,NGC4486,G,12:30:49.42,+12:23:28.0,Vir,7.11,6.67,9.0,9.65,9.0,https://en.wikipedia.org/wiki/Messier_87,Virgo Galaxy,"2MASX J12304942+1223279,IRAS 12282+1240,MCG +02-32-105,PGC 041361,SDSS J123049.41+122328.1,UGC 07654"
384,NGC4382,G,12:25:24.11,+18:11:29.4,Com,6.95,5.35,9.05,9.94,9.05,https://en.wikipedia.org/wiki/Messier_85,,"2MASX J12252405+1811278,MCG +03-32-029,PGC 040515,SDSS J122524.06+181127.7,UGC 07508"
385,NGC6681,GCl,18:43:12.64,-32:17:30.8,Sgr,6.6,,9.06,9.76,9.06,https://en.wikipedia.org/wiki/Messier_70,,MWSC 2981
394,NGC3521,G,11:05:48.58,-00:02:09.1,Leo,8.32,4.47,9.11,9.9,9.11,https://en.wikipedia.org/wiki/NGC_3521,,"2MASX J11054859-0002092,IRAS 11032+0014,MCG +00-28-030,PGC 033550,UGC 06150"
395,NGC0185,G,00:38:57.97,+48:20:14.6,Cas,12.94,10.76,9.2,10.15,9.2,https://en.wikipedia.org/wiki/NGC_185,,"2MASX J00385796+4820145,C 018,IRAS 00362+4803,MCG +08-02-010,PGC 002329,UGC 00396"
400,IC0127,G,01:29:47.61,-06:58:48.2,Cet,1.69,0.45,9.2,14.83,9.2,https://en.wikipedia.org/wiki/IC_127,,"2MASX J01294759-0658482,MCG -01-04-057,PGC 005581"
402,NGC0247,G,00:47:08.55,-20:45:37.4,Cet,19.68,5.55,9.21,9.67,9.21,https://en.wikipedia.org/wiki/NGC_247,,"2MASX J00470855-2045374,C 062,ESO 540-022,ESO-LV 540-0220,MCG -04-03-005,PGC 002758,UGCA 011"
403,NGC3368,G,10:46:45.74,+11:49:11.8,Leo,8.26,5.51,9.21,10.08,9.21,https://en.wikipedia.org/wiki/Messier_96,,"2MASX J10464574+1149117,IRAS 10441+1205,MCG +02-28-006,PGC 032192,SDSS J104645.67+114911.8,UGC 05882"
405,NGC6744,G,19:09:46.10,-63:51:27.1,Pav,15.67,9.75,9.25,9.14,9.25,https://en.wikipedia.org/wiki/NGC_6744,,"2MASX J19094609-6351271,C 101,ESO 104-042,ESO-LV 104-0420,IRAS 19051-6357,PGC 062836"
406,NGC3379,G,10:47:49.59,+12:34:53.8,Leo,4.89,4.25,9.27,10.23,9.27,https://en.wikipedia.org/wiki/Messier_105,,"2MASX J10474959+1234538,MCG +02-28-011,PGC 032256,UGC 05902"
407,NGC4258,G,12:18:57.50,+47:18:14.3,CVn,16.98,7.24,9.29,9.12,9.29,https://en.wikipedia.org/wiki/Messier_106,,"2MASX J12185761+4718133,MCG +08-22-104,PGC 039600,SDSS J121857.50+471814.2,UGC 07353"
408,NGC7793,G,23:57:49.83,-32:35:27.7,Scl,10.42,6.05,9.29,9.7,9.29,https://en.wikipedia.org/wiki/NGC_7793,,"2MASX J23574982-3235277,ESO 349-012,ESO-LV 349-0120,IRAS 23552-3252,MCG -06-01-009,PGC 073049"
409,NGC1068,G,02:42:40.71,-00:00:47.8,Cet,6.11,5.61,9.29,9.74,9.29,https://en.wikipedia.org/wiki/Messier_77,,"2MASX J02424077-0000478,IRAS 02401-0013,MCG +00-07-083,PGC 010266,UGC 02188"
414,NGC0628,G,01:36:41.75,+15:47:01.2,Psc,9.89,9.33,9.31,9.71,9.31,https://en.wikipedia.org/wiki/Messier_74,,"2MASX J01364177+1547004,IRAS 01340+1532,MCG +03-05-011,PGC 005974,UGC 01149"
415,NGC1553,G,04:16:10.47,-55:46:48.5,Dor,6.25,4.29,9.31,10.28,9.31,https://en.wikipedia.org/wiki/NGC_1553,,"2MASX J04161046-5546485,ESO 157-017,ESO-LV 157-0170,IRAS 04150-5554,PGC 014765"
416,NGC3623,G,11:18:55.92,+13:05:32.5,Leo,7.64,1.97,9.32,10.14,9.32,https://en.wikipedia.org/wiki/Messier_65,,"2MASX J11185595+1305319,IRAS 11163+1322,MCG +02-29-018,PGC 034612,UGC 06328"
417,NGC4697,G,12:48:35.88,-05:48:02.7,Vir,7.14,4.16,9.37,10.25,9.37,https://en.wikipedia.org/wiki/NGC_4697,,"2MASX J12483590-0548030,C 052,MCG -01-33-010,PGC 043276,UGCA 300"
419,NGC4725,G,12:50:26.58,+25:30:02.9,Com,9.71,7.1,9.38,9.92,9.38,https://en.wikipedia.org/wiki/NGC_4725,,"2MASX J12502661+2530027,MCG +04-30-022,PGC 043451,SDSS J125026.57+253002.7,UGC 07989"
420,NGC1399,G,03:38:29.03,-35:27:02.4,For,8.51,7.69,9.4,10.42,9.4,https://en.wikipedia.org/wiki/NGC_1399,,"2MASX J03382908-3527026,ESO 358-045,ESO-LV 358-0450,MCG -06-09-012,PGC 013418"
430,NGC2997,G,09:45:38.79,-31:11:27.9,Ant,10.26,6.21,9.41,10.04,9.41,https://en.wikipedia.org/wiki/NGC_2997,,"2MASX J09453879-3111279,ESO 434-035,ESO-LV 434-0350,MCG -05-23-012,PGC 027978,UGCA 181"
431,NGC7331,G,22:37:04.01,+34:24:55.9,Peg,9.27,3.76,9.41,10.2,9.41,https://en.wikipedia.org/wiki/NGC_7331,,"2MASX J22370410+3424573,C 030,IRAS 22347+3409,MCG +06-49-045,PGC 069327,SDSS J223704.05+342456.8,UGC 12113"
432,NGC4365,G,12:24:28.28,+07:19:03.6,Vir,5.12,3.66,9.43,10.5,9.43,https://en.wikipedia.org/wiki/NGC_4365,,"2MASX J12242822+0719030,MCG +01-32-048,PGC 040375,UGC 07488"
435,NGC3628,G,11:20:16.97,+13:35:22.9,Leo,11.04,3.44,9.45,9.97,9.45,https://en.wikipedia.org/wiki/NGC_3628,,"2MASX J11201701+1335221,IRAS 11176+1351,MCG +02-29-020,PGC 034697,SDSS J112017.01+133522.8,SDSS J112017.01+133522.9,UGC 06350"
436,NGC1023,G,02:40:24.01,+39:03:47.8,Per,7.4,3.06,9.47,9.56,9.47,https://en.wikipedia.org/wiki/NGC_1023,,"2MASX J02402401+3903477,MCG +06-06-073,PGC 010123,UGC 02154"
437,NGC4321,G,12:22:54.83,+15:49:18.5,Com,6.1,5.62,9.47,10.01,9.47,https://en.wikipedia.org/wiki/Messier_100,,"2MASX J12225489+1549205,IRAS 12204+1605,MCG +03-32-015,PGC 040153,SDSS J122254.91+154920.2,UGC 07450"
440,NGC1313,G,03:18:16.05,-66:29:53.7,Ret,11.07,9.14,9.49,9.65,9.49,https://en.wikipedia.org/wiki/NGC_1313,,"2MASX J03181604-6629537,ESO 082-011,ESO-LV 82-0110,IRAS 03176-6640,PGC 012286"
447,NGC4699,G,12:49:02.23,-08:39:53.5,Vir,3.99,3.02,9.53,10.38,9.53,https://en.wikipedia.org/wiki/NGC_4699,,"2MASX J12490218-0839514,IRAS 12464-0823,MCG -01-33-013,PGC 043321,SDSS J124902.19-083951.8,UGCA 301"
448,IC1613,G,01:04:47.79,+02:07:04.0,Cet,18.32,17.14,9.54,10.01,9.54,https://en.wikipedia.org/wiki/IC_1613,,"C 051,MCG +00-03-070,PGC 003844,UGC 00668"
449,NGC4569,G,12:36:49.79,+13:09:46.6,Vir,9.12,3.82,9.54,10.18,9.54,https://en.wikipedia.org/wiki/Messier_90,,"2MASX J12364981+1309463,IRAS 12343+1326,MCG +02-32-155,PGC 042089,SDSS J123649.79+130946.5,UGC 07786"
450,NGC3621,G,11:18:16.51,-32:48:50.6,Hya,9.79,4.03,9.55,10.1,9.55,https://en.wikipedia.org/wiki/NGC_3621,,"2MASX J11181630-3248453,ESO 377-037,ESO-LV 377-0370,IRAS 11158-3232,MCG -05-27-008,PGC 034554,UGCA 232"
451,NGC1398,G,03:38:52.13,-26:20:16.2,For,6.95,4.91,9.55,10.55,9.55,https://en.wikipedia.org/wiki/NGC_1398,,"2MASX J03385213-2620162,ESO 482-022,ESO-LV 482-0220,IRAS 03367-2629,MCG -04-09-040,PGC 013434"
454,NGC4621,G,12:42:02.24,+11:38:49.3,Vir,4.55,3.21,9.56,10.57,9.56,https://en.wikipedia.org/wiki/Messier_59,,"2MASX J12420232+1138489,MCG +02-32-183,PGC 042628,SDSS J124202.25+113848.8,UGC 07858"
455,NGC5195,G,13:29:59.59,+47:15:58.1,CVn,5.5,4.36,9.58,10.5,9.58,https://en.wikipedia.org/wiki/NGC_5195,,"2MASX J13295958+4715580,IRAS 13278+4731,MCG +08-25-014,PGC 047413,UGC 08494"
457,NGC4526,G,12:34:03.09,+07:41:58.3,Vir,6.95,2.47,9.59,10.55,9.59,https://en.wikipedia.org/wiki/NGC_4526,,"2MASX J12340302+0741569,IRAS 12315+0758,MCG +01-32-100,PGC 041772,SDSS J123402.98+074157.4,UGC 07718"
459,NGC3923,G,11:51:01.69,-28:48:21.7,Hya,6.89,4.55,9.6,10.76,9.6,https://en.wikipedia.org/wiki/NGC_3923,,"2MASX J11510178-2848223,ESO 440-017,ESO-LV 440-0170,MCG -05-28-012,PGC 037061"
471,NGC4449,G,12:28:11.10,+44:05:37.1,CVn,4.66,2.71,9.64,9.5,9.64,https://en.wikipedia.org/wiki/NGC_4449,,"2MASX J12281111+4405368,C 021,MCG +07-26-009,PGC 040973,SDSS J122811.10+440537.0,UGC 07592"
472,NGC1407,G,03:40:11.86,-18:34:48.4,Eri,5.73,5.27,9.65,10.69,9.65,https://en.wikipedia.org/wiki/NGC_1407,,"2MASX J03401190-1834493,ESO 548-067,ESO-LV 548-0670,MCG -03-10-030,PGC 013505"
473,NGC1395,G,03:38:29.75,-23:01:39.1,Eri,4.71,3.97,9.65,10.6,9.65,https://en.wikipedia.org/wiki/NGC_1395,,"2MASX J03382978-2301396,ESO 482-019,ESO-LV 482-0190,MCG -04-09-039,PGC 013419"
476,NGC4753,G,12:52:22.11,-01:11:58.9,Vir,6.49,3.06,9.66,10.57,9.66,https://en.wikipedia.org/wiki/NGC_4753,,"2MASX J12522211-0111588,IRAS 12498-0055,MCG +00-33-016,PGC 043671,SDSS J125222.06-011158.4,UGC 08009"
477,IC0342,G,03:46:48.50,+68:05:46.9,Cam,19.77,18.79,,9.68,9.68,https://en.wikipedia.org/wiki/IC_342,,"2MASX J03464851+6805459,C 005,IRAS 03419+6756,MCG +11-05-003,PGC 013826,UGC 02847"
480,NGC2683,G,08:52:41.33,+33:25:18.3,Lyn,9.48,2.7,9.69,9.99,9.69,https://en.wikipedia.org/wiki/NGC_2683,,"2MASX J08524134+3325184,IRAS 08495+3336,MCG +06-20-011,PGC 024930,UGC 04641"
481,NGC3585,G,11:13:17.09,-26:45:17.4,Hya,6.61,3.27,9.69,10.81,9.69,https://en.wikipedia.org/wiki/NGC_3585,,"2MASX J11131710-2645179,ESO 502-025,ESO-LV 502-0250,MCG -04-27-004,PGC 034160"
492,NGC4125,G,12:08:06.02,+65:10:26.9,Dra,5.87,4.58,9.71,10.64,9.71,https://en.wikipedia.org/wiki/NGC_4125,,"2MASX J12080601+6510268,IRAS 12055+6527,MCG +11-15-027,PGC 038524,UGC 07118"
493,NGC0147,G,00:33:12.12,+48:30:31.5,Cas,9.4,5.41,9.72,10.6,9.72,https://en.wikipedia.org/wiki/NGC_147,,"2MASX J00331212+4830314,C 017,MCG +08-02-005,PGC 002004,UGC 00326"
495,NGC1566,G,04:20:00.42,-54:56:16.1,Dor,7.23,5.0,9.73,10.29,9.73,https://en.wikipedia.org/wiki/NGC_1566,,"2MASX J04200041-5456161,ESO 157-020,ESO-LV 157-0200,IRAS 04189-5503,PGC 014897"
500,NGC1549,G,04:15:45.13,-55:35:32.1,Dor,5.09,4.35,9.75,10.68,9.75,https://en.wikipedia.org/wiki/NGC_1549,,"2MASX J04154522-5535324,ESO 157-016,ESO-LV 157-0160,PGC 014757"
501,NGC1097,G,02:46:19.05,-30:16:29.6,For,10.57,6.44,9.76,10.14,9.76,https://en.wikipedia.org/wiki/NGC_1097,,"2MASX J02461905-3016296,C 067,ESO 416-020,ESO-LV 416-0200,IRAS 02441-3029,MCG -05-07-024,PGC 010488,UGCA 041"
502,NGC4236,G,12:16:42.12,+69:27:45.3,Dra,23.5,6.85,9.77,10.06,9.77,https://en.wikipedia.org/wiki/NGC_4236,,"2MASX J12164211+6927452,C 003,IRAS 12143+6945,MCG +12-12-004,PGC 039346,UGC 07306"
503,NGC3351,G,10:43:57.70,+11:42:13.7,Leo,7.23,4.45,9.77,10.58,9.77,https://en.wikipedia.org/wiki/Messier_95,,"2MASX J10435773+1142129,IRAS 10413+1158,MCG +02-28-001,PGC 032007,SDSS J104357.69+114213.6,SDSS J104357.70+114213.7,UGC 05850"
504,NGC4214,G,12:15:39.17,+36:19:36.8,CVn,6.79,5.28,9.77,10.21,9.77,https://en.wikipedia.org/wiki/NGC_4214,,"2MASX J12153917+3619368,IRAS 12131+3636,MCG +06-27-042,PGC 039225,UGC 07278"
506,NGC4374,G,12:25:03.74,+12:53:13.1,Vir,7.41,6.44,9.79,10.01,9.79,https://en.wikipedia.org/wiki/Messier_84,,"2MASX J12250377+1253130,IRAS 12224+1309,MCG +02-32-034,PGC 040455,SDSS J122503.74+125312.8,UGC 07494"
507,NGC4494,G,12:31:24.10,+25:46:30.9,Com,4.35,4.13,9.8,10.68,9.8,https://en.wikipedia.org/wiki/NGC_4494,,"2MASX J12312403+2546299,MCG +04-30-002,PGC 041441,UGC 07662"
513,NGC3184,G,10:18:16.86,+41:25:26.6,UMa,7.4,7.18,9.84,10.41,9.84,https://en.wikipedia.org/wiki/NGC_3184,,"2MASX J10181698+4125277,IRAS 10152+4140,MCG +07-21-037,PGC 030087,SDSS J101816.90+412527.5,UGC 05557"
514,NGC4254,G,12:18:49.60,+14:24:59.4,Com,5.04,4.74,9.84,10.4,9.84,https://en.wikipedia.org/wiki/Messier_99,"Coma Pinwheel,Virgo Cluster Pinwheel","2MASX J12184962+1424593,IRAS 12162+1441,MCG +03-31-099,PGC 039578,SDSS J121849.60+142459.4,UGC 07345"
519,NGC2768,G,09:11:37.50,+60:02:14.0,UMa,5.64,2.24,9.87,10.82,9.87,https://en.wikipedia.org/wiki/NGC_2768,,"2MASX J09113750+6002139,MCG +10-13-065,PGC 025915,SDSS J091137.39+600214.8,UGC 04821"
520,NGC5102,G,13:21:57.61,-36:37:48.9,Cen,9.71,3.71,9.88,10.26,9.88,https://en.wikipedia.org/wiki/NGC_5102,,"2MASX J13215765-3637487,ESO 382-050,ESO-LV 382-0500,IRAS 13191-3622,MCG -06-29-031,PGC 046674"
521,NGC3992,G,11:57:35.98,+53:22:28.3,UMa,8.07,5.64,9.88,10.48,9.88,https://en.wikipedia.org/wiki/Messier_109,,"2MASX J11573598+5322282,IRAS 11549+5339,MCG +09-20-044,PGC 037617,SDSS J115735.96+532228.9,UGC 06937"
522,NGC3077,G,10:03:19.07,+68:44:02.1,UMa,5.21,4.32,9.88,10.63,9.88,https://en.wikipedia.org/wiki/NGC_3077,,"2MASX J10031907+6844022,IRAS 09592+6858,MCG +12-10-017,PGC 029146,SDSS J100318.96+684403.9,UGC 05398"
524,NGC4535,G,12:34:20.31,+08:11:51.9,Vir,8.15,7.48,9.89,10.56,9.89,https://en.wikipedia.org/wiki/NGC_4535,,"2MASX J12342031+0811519,IRAS 12318+0828,MCG +01-32-104,PGC 041812,UGC 07727"
525,NGC5866,G,15:06:29.50,+55:45:47.6,Dra,6.31,2.72,9.89,10.74,9.89,https://en.wikipedia.org/wiki/NGC_5866,,"2MASX J15062956+5545479,IRAS 15051+5557,MCG +09-25-017,PGC 053933,UGC 09723"
528,NGC3587,PN,11:14:47.71,+55:01:08.5,UMa,3.58,,9.9,11.6,9.9,https://en.wikipedia.org/wiki/Messier_97,Owl Nebula,"IRAS 11119+5517,PN G148.4+57.0,SDSS J111447.71+550108.5"
529,NGC4559,G,12:35:57.65,+27:57:36.0,Com,10.57,4.82,9.92,10.28,9.92,https://en.wikipedia.org/wiki/NGC_4559,,"2MASX J12355768+2757351,C 036,IRAS 12334+2814,MCG +05-30-030,PGC 042002,SDSS J123557.64+275735.9,UGC 07766"
530,NGC4216,G,12:15:54.44,+13:08:57.8,Vir,7.82,1.84,9.93,10.87,9.93,https://en.wikipedia.org/wiki/NGC_4216,,"2MASX J12155444+1308578,IRAS 12133+1325,MCG +02-31-072,PGC 039246,UGC 07284"
531,NGC1404,G,03:38:51.92,-35:35:39.8,Eri,5.01,4.38,9.93,10.89,9.93,https://en.wikipedia.org/wiki/NGC_1404,,"2MASX J03385191-3535398,ESO 358-046,ESO-LV 358-0460,MCG -06-09-013,PGC 013433"
532,NGC1380,G,03:36:27.59,-34:58:34.4,For,4.58,2.22,9.94,10.89,9.94,https://en.wikipedia.org/wiki/NGC_1380,,"2MASX J03362757-3458335,2MASX J03362759-3458346,ESO 358-028,ESO-LV 358-0280,IRAS 03345-3508,MCG -06-09-002,PGC 013318"
533,NGC1433,G,03:42:01.55,-47:13:19.5,Hor,6.19,2.96,9.95,10.81,9.95,https://en.wikipedia.org/wiki/NGC_1433,,"2MASX J03420155-4713194,ESO 249-014,ESO-LV 249-0140,IRAS 03404-4722,PGC 013586"
534,NGC3384,G,10:48:16.89,+12:37:45.4,Leo,5.24,2.37,9.96,10.89,9.96,https://en.wikipedia.org/wiki/NGC_3384,,"2MASX J10481689+1237454,MCG +02-28-012,PGC 032292,SDSS J104816.88+123745.3,UGC 05911"
537,NGC5248,G,13:37:32.02,+08:53:06.6,Boo,4.07,2.38,9.97,10.88,9.97,https://en.wikipedia.org/wiki/NGC_5248,,"2MASX J13373206+0853062,C 045,IRAS 13350+0908,MCG +02-35-015,PGC 048130,SDSS J133732.02+085306.6,UGC 08616"
538,NGC3344,G,10:43:31.15,+24:55:20.0,LMi,6.7,6.37,9.98,10.5,9.98,https://en.wikipedia.org/wiki/NGC_3344,,"2MASX J10433114+2455199,IRAS 10407+2511,MCG +04-25-046,PGC 031968,UGC 05840"
540,NGC4636,G,12:42:49.83,+02:41:16.0,Vir,6.35,4.7,9.99,10.04,9.99,https://en.wikipedia.org/wiki/NGC_4636,,"2MASX J12424986+0241160,MCG +01-32-137,PGC 042734,SDSS J124249.82+024115.9,UGC 07878"
546,NGC3607,G,11:16:54.64,+18:03:06.3,Leo,4.59,4.03,10.0,10.93,10.0,https://en.wikipedia.org/wiki/NGC_3607,,"2MASX J11165465+1803065,MCG +03-29-020,PGC 034426,SDSS J111654.63+180306.3,UGC 06297"
549,NGC0891,G,02:22:33.41,+42:20:56.9,And,13.03,3.03,10.01,10.84,10.01,https://en.wikipedia.org/wiki/NGC_891,,"2MASX J02223290+4220539,C 023,IRAS 02193+4207,MCG +07-05-046,PGC 009031,UGC 01831"
551,IC5332,G,23:34:27.49,-36:06:03.9,Scl,6.07,5.77,10.03,11.27,10.03,https://en.wikipedia.org/wiki/IC_5332,,"2MASX J23342748-3606038,ESO 408-009,ESO-LV 408-0090,MCG -06-51-012,PGC 071775"
552,NGC7507,G,23:12:07.59,-28:32:22.6,Scl,3.33,3.2,10.04,11.37,10.04,https://en.wikipedia.org/wiki/NGC_7507,,"2MASX J23120759-2832227,ESO 469-019,ESO-LV 469-0190,MCG -05-54-022,PGC 070676"
556,NGC3556,G,11:11:30.97,+55:40:26.8,UMa,3.98,1.66,10.05,10.7,10.05,https://en.wikipedia.org/wiki/Messier_108,,"2MASX J11113096+5540268,IRAS 11085+5556,MCG +09-18-098,PGC 034030,SDSS J111131.06+554027.4,UGC 06225"
557,NGC5068,G,13:18:54.81,-21:02:20.8,Vir,7.48,6.7,10.06,10.64,10.06,https://en.wikipedia.org/wiki/NGC_5068,,"2MASX J13185480-2102207,ESO 576-029,ESO-LV 576-0290,IRAS 13161-2046,MCG -03-34-046,PGC 046400,UGCA 345"
559,NGC4552,G,12:35:39.81,+12:33:22.8,Vir,8.13,8.0,10.08,10.68,10.08,https://en.wikipedia.org/wiki/Messier_89,,"2MASX J12353988+1233217,MCG +02-32-149,PGC 041968,SDSS J123539.80+123322.8,UGC 07760"
560,NGC4976,G,13:08:37.53,-49:30:23.1,Cen,5.83,3.27,10.08,10.97,10.08,https://en.wikipedia.org/wiki/NGC_4976,,"2MASX J13083752-4930230,ESO 219-029,ESO-LV 219-0290,PGC 045562"
561,NGC4429,G,12:27:26.51,+11:06:27.8,Vir,5.3,2.42,10.08,10.88,10.08,https://en.wikipedia.org/wiki/NGC_4429,,"2MASX J12272655+1106271,IRAS 12249+1123,MCG +02-32-061,PGC 040850,SDSS J122726.50+110627.7,UGC 07568"
563,NGC3675,G,11:26:08.58,+43:35:09.3,UMa,5.9,3.27,10.09,10.96,10.09,https://en.wikipedia.org/wiki/NGC_3675,,"2MASX J11260858+4335093,IRAS 11234+4351,MCG +07-24-004,PGC 035164,SDSS J112608.55+433509.6,UGC 06439"
564,NGC4473,G,12:29:48.87,+13:25:45.7,Com,4.27,2.51,10.09,11.05,10.09,https://en.wikipedia.org/wiki/NGC_4473,,"2MASX J12294887+1325455,MCG +02-32-093,PGC 041228,SDSS J122948.86+132545.9,UGC 07631"
566,NGC1365,G,03:33:36.37,-36:08:25.4,For,12.02,6.14,10.1,10.36,10.1,https://en.wikipedia.org/wiki/NGC_1365,,"2MASX J03333645-3608263,ESO 358-017,ESO-LV 358-0170,IRAS 03317-3618,MCG -06-08-026,PGC 013179"
567,NGC3953,G,11:53:48.92,+52:19:36.4,UMa,6.14,3.13,10.1,10.48,10.1,https://en.wikipedia.org/wiki/NGC_3953,,"2MASX J11534902+5219355,IRAS 11511+5236,MCG +09-20-026,PGC 037306,SDSS J115349.00+521936.6,UGC 06870"
570,NGC2784,G,09:12:19.50,-24:10:21.4,Hya,4.82,1.85,10.1,11.24,10.1,https://en.wikipedia.org/wiki/NGC_2784,,"2MASX J09121949-2410213,ESO 497-023,ESO-LV 497-0230,MCG -04-22-005,PGC 025950,UGCA 152"
574,NGC0650,PN,01:42:19.69,+51:34:31.7,Per,1.12,,10.1,12.2,10.1,https://en.wikipedia.org/wiki/Messier_76,"Barbell Nebula,Cork Nebula,Little Dumbbell Nebula","2MASX J01421808+5134243,IRAS 01391+5119,PN G130.9-10.5"
575,NGC1232,G,03:09:45.51,-20:34:45.5,Eri,6.79,5.77,10.11,10.56,10.11,https://en.wikipedia.org/wiki/NGC_1232,,"2MASX J03094551-2034454,ESO 547-014,ESO-LV 547-0140,IRAS 03074-2045,PGC 011819"
576,NGC0925,G,02:27:16.88,+33:34:45.0,Tri,10.72,5.75,10.12,10.59,10.12,https://en.wikipedia.org/wiki/NGC_925,,"2MASX J02271691+3334439,IRAS 02243+3321,MCG +05-06-045,PGC 009332,UGC 01913"
577,NGC6503,G,17:49:26.43,+70:08:39.7,Dra,5.94,1.98,10.12,10.86,10.12,https://en.wikipedia.org/wiki/NGC_6503,,"2MASX J17492651+7008396,IRAS 17499+7009,MCG +12-17-009,PGC 060921,UGC 11012"
578,NGC1532,G,04:12:04.33,-32:52:27.2,Eri,11.27,3.09,10.13,10.66,10.13,https://en.wikipedia.org/wiki/NGC_1532,,"2MASX J04120433-3252271,ESO 359-027,ESO-LV 359-0270,MCG -05-11-002,PGC 014638"
579,NGC5322,G,13:49:15.27,+60:11:25.9,UMa,5.62,3.49,10.14,11.05,10.14,https://en.wikipedia.org/wiki/NGC_5322,,"2MASX J13491520+6011254,MCG +10-20-035,PGC 049044,UGC 08745"
580,NGC0720,G,01:53:00.50,-13:44:19.2,Cet,4.49,2.37,10.14,11.14,10.14,https://en.wikipedia.org/wiki/NGC_720,,"2MASX J01530052-1344192,MCG -02-05-068,PGC 006983"
581,NGC1672,G,04:45:42.50,-59:14:49.9,Dor,6.14,5.46,10.16,10.34,10.16,https://en.wikipedia.org/wiki/NGC_1672,,"2MASX J04454255-5914506,ESO 118-043,ESO-LV 118-0430,IRAS 04449-5920,PGC 015941"
582,NGC2976,G,09:47:15.46,+67:54:59.0,UMa,5.77,3.01,10.16,10.81,10.16,https://en.wikipedia.org/wiki/NGC_2976,,"2MASX J09471545+6754589,IRAS 09431+6809,MCG +11-12-025,PGC 028120,SDSS J094715.31+675500.0,UGC 05221"
583,NGC1792,G,05:05:14.45,-37:58:50.7,Col,5.52,2.76,10.16,10.77,10.16,https://en.wikipedia.org/wiki/NGC_1792,,"2MASX J05051445-3758507,ESO 305-000,ESO 305-006,ESO-LV 305-0060,IRAS 05035-3802,PGC 016709"
585,NGC4762,G,12:52:56.05,+11:13:50.9,Vir,8.26,3.52,10.17,11.03,10.17,https://en.wikipedia.org/wiki/NGC_4762,,"2MASX J12525604+1113508,MCG +02-33-033,PGC 043733,UGC 08016"
586,NGC4293,G,12:21:12.89,+18:22:56.6,Com,6.24,3.72,10.17,11.07,10.17,https://en.wikipedia.org/wiki/NGC_4293,,"2MASX J12211289+1822566,IRAS 12186+1839,MCG +03-32-006,PGC 039907,SDSS J122112.82+182257.7,UGC 07405"
587,NGC1543,G,04:12:43.25,-57:44:16.7,Ret,3.66,0.86,10.17,11.48,10.17,https://en.wikipedia.org/wiki/NGC_1543,,"2MASX J04124324-5744166,ESO 118-010,ESO-LV 118-0100,PGC 014659"
588,NGC4244,G,12:17:29.66,+37:48:25.6,CVn,16.22,7.24,10.18,10.44,10.18,https://en.wikipedia.org/wiki/NGC_4244,,"2MASX J12172965+3748255,C 026,MCG +06-27-045,PGC 039422,UGC 07322"
589,NGC2841,G,09:22:02.63,+50:58:35.5,UMa,6.9,3.31,10.18,10.06,10.18,https://en.wikipedia.org/wiki/NGC_2841,,"2MASX J09220265+5058353,IRAS 09185+5111,MCG +09-16-005,PGC 026512,SDSS J092202.66+505835.7,UGC 04966"
590,NGC7424,G,22:57:18.37,-41:04:14.1,Gru,5.01,2.69,10.18,11.04,10.18,https://en.wikipedia.org/wiki/NGC_7424,,"2MASX J22571836-4104140,ESO 346-019,ESO-LV 346-0190,IRAS 22544-4120,MCG -07-47-008,PGC 070096"
591,NGC5846,G,15:06:29.28,+01:36:20.2,Vir,4.27,4.05,10.18,11.1,10.18,https://en.wikipedia.org/wiki/NGC_5846,,"2MASX J15062925+0136202,MCG +00-38-025,PGC 053932,SDSS J150629.28+013620.2,UGC 09706"
598,NGC4414,G,12:26:27.10,+31:13:24.7,Com,1.95,1.12,10.2,10.99,10.2,https://en.wikipedia.org/wiki/NGC_4414,,"2MASX J12262708+3113247,IRAS 12239+3129,MCG +05-29-085,PGC 040692,SDSS J122627.12+311324.5,UGC 07539"
600,NGC1808,G,05:07:42.34,-37:30:47.0,Col,5.42,1.83,10.21,10.83,10.21,https://en.wikipedia.org/wiki/NGC_1808,,"2MASX J05074234-3730469,ESO 305-008,ESO-LV 305-0080,IRAS 05059-3734,MCG -06-12-005,PGC 016779"
601,NGC5363,G,13:56:07.21,+05:15:17.2,Vir,4.17,2.75,10.21,11.1,10.21,https://en.wikipedia.org/wiki/NGC_5363,,"2MASX J13560724+0515169,IRAS 13536+0529,MCG +01-36-002,PGC 049547,UGC 08847"
602,NGC4278,G,12:20:06.82,+29:16:50.7,Com,2.89,2.83,10.21,11.04,10.21,https://en.wikipedia.org/wiki/NGC_4278,,"2MASX J12200679+2916502,2MASX J12200682+2916498,IRAS 12175+2933,MCG +05-29-062,PGC 039764,SDSS J122006.82+291650.6,SDSS J122006.84+291650.6,UGC 07386"
603,NGC0936,G,02:27:37.46,-01:09:22.6,Cet,4.44,3.18,10.23,11.19,10.23,https://en.wikipedia.org/wiki/NGC_936,,"2MASX J02273746-0109226,MCG +00-07-017,PGC 009359,SDSS J022737.44-010921.5,SDSS J022737.44-010921.6,UGC 01929"
604,NGC3489,G,11:00:18.57,+13:54:04.4,Leo,3.44,2.03,10.23,11.06,10.23,https://en.wikipedia.org/wiki/NGC_3489,,"2MASX J11001858+1354045,MCG +02-28-039,PGC 033160,UGC 06082"
605,NGC2775,G,09:10:20.12,+07:02:16.6,Cnc,4.25,3.36,10.24,11.14,10.24,https://en.wikipedia.org/wiki/NGC_2775,,"2MASX J09102011+0702165,C 048,IRAS 09076+0714,MCG +01-24-005,PGC 025861,SDSS J091020.13+070216.8,UGC 04820"
606,NGC1574,G,04:21:58.82,-56:58:29.1,Ret,4.13,2.32,10.24,11.3,10.24,https://en.wikipedia.org/wiki/NGC_1574,,"2MASX J04215882-5658291,ESO 157-022,ESO-LV 157-0220,PGC 014965"
607,IC0356,G,04:07:46.91,+69:48:44.8,Cam,4.02,3.73,10.24,11.56,10.24,https://en.wikipedia.org/wiki/IC_356,,"2MASX J04074690+6948447,IRAS 04025+6940,MCG +12-04-011,PGC 014508,UGC 02953"
609,NGC4303,G,12:21:54.90,+04:28:25.1,Vir,6.89,6.56,10.25,10.16,10.25,https://en.wikipedia.org/wiki/Messier_61,,"2MASX J12215494+0428249,IRAS 12194+0444,MCG +01-32-022,PGC 040001,SDSS J122154.92+042825.6,UGC 07420"
610,NGC4459,G,12:29:00.01,+13:58:42.1,Com,4.17,3.16,10.25,11.3,10.25,https://en.wikipedia.org/wiki/NGC_4459,,"2MASX J12290002+1358428,IRAS 12264+1415,MCG +02-32-083,PGC 041104,SDSS J122900.03+135842.8,UGC 07614"
611,NGC4605,G,12:39:59.38,+61:36:33.1,UMa,5.87,2.29,10.26,10.82,10.26,https://en.wikipedia.org/wiki/NGC_4605,,"2MASX J12395938+6136330,IRAS 12378+6152,MCG +10-18-074,PGC 042408,UGC 07831"
612,NGC0488,G,01:21:46.85,+05:15:24.2,Psc,5.05,3.66,10.26,11.13,10.26,https://en.wikipedia.org/wiki/NGC_488,,"2MASX J01214684+0515241,IRAS 01191+0459,MCG +01-04-033,PGC 004946,SDSS J012146.79+051524.7,UGC 00907"
613,NGC6300,G,17:16:59.47,-62:49:14.0,Ara,5.33,3.37,10.27,10.96,10.27,https://en.wikipedia.org/wiki/NGC_6300,,"2MASX J17165947-6249139,ESO 101-025,ESO-LV 101-0250,IRAS 17123-6245,PGC 060001"
614,NGC3377,G,10:47:42.33,+13:59:09.3,Leo,3.87,1.87,10.27,11.13,10.27,https://en.wikipedia.org/wiki/NGC_3377,,"2MASX J10474239+1359083,MCG +02-28-009,PGC 032249,UGC 05899"
615,NGC5253,G,13:39:55.96,-31:38:24.4,Cen,5.01,2.12,10.28,10.8,10.28,https://en.wikipedia.org/wiki/NGC_5253,,"2MASX J13395599-3138241,ESO 445-004,ESO-LV 445-0040,IRAS 13370-3123,MCG -05-32-060,PGC 048334,UGCA 369"
617,NGC4395,G,12:25:48.86,+33:32:48.9,CVn,4.17,1.39,10.29,10.84,10.29,https://en.wikipedia.org/wiki/NGC_4395,,"2MASX J12254892+3332482,IRAS 12233+3348,MCG +06-27-053,PGC 040596,SDSS J122548.86+333248.7,SDSS J122548.87+333248.7,UGC 07524"
619,NGC4579,G,12:37:43.52,+11:49:05.5,Vir,5.01,3.84,10.3,10.44,10.3,https://en.wikipedia.org/wiki/Messier_58,,"2MASX J12374359+1149051,IRAS 12351+1205,MCG +02-32-160,PGC 042168,SDSS J123743.52+114905.4,UGC 07796"
620,NGC0772,G,01:59:19.58,+19:00:27.1,Ari,4.57,2.52,10.3,10.71,10.3,https://en.wikipedia.org/wiki/NGC_772,,"2MASX J01591958+1900271,IRAS 01565+1845,MCG +03-06-011,PGC 007525,SDSS J015919.55+190027.5,UGC 01466"
621,NGC4696,G,12:48:49.25,-41:18:39.0,Cen,3.85,2.56,10.3,11.59,10.3,https://en.wikipedia.org/wiki/NGC_4696,,"2MASX J12484927-4118399,ESO 322-091,ESO-LV 322-0910,MCG -07-26-051,PGC 043296"
625,NGC0134,G,00:30:21.97,-33:14:38.5,Scl,8.38,1.79,10.31,11.18,10.31,https://en.wikipedia.org/wiki/NGC_134,,"2MASX J00302189-3314432,ESO 350-023,ESO-LV 350-0230,IRAS 00278-3331,MCG -06-02-012,PGC 001851"
626,NGC0908,G,02:23:04.57,-21:14:01.9,Cet,6.14,2.82,10.31,10.82,10.31,https://en.wikipedia.org/wiki/NGC_908,,"2MASX J02230456-2114018,ESO 545-011,ESO-LV 545-0110,IRAS 02207-2127,MCG -04-06-035,PGC 009057,UGCA 029"
627,NGC1350,G,03:31:08.12,-33:37:43.1,For,5.18,2.6,10.31,11.15,10.31,https://en.wikipedia.org/wiki/NGC_1350,,"2MASX J03310811-3337431,ESO 358-013,ESO-LV 358-0130,IRAS 03291-3347,MCG -06-08-023,PGC 013059"
628,NGC5061,G,13:18:05.07,-26:50:14.0,Hya,3.75,3.05,10.31,11.21,10.31,https://en.wikipedia.org/wiki/NGC_5061,,"2MASX J13180505-2650139,ESO 508-038,ESO-LV 508-0380,MCG -04-31-048,PGC 046330"
629,NGC4477,G,12:30:02.20,+13:38:11.8,Com,3.7,3.22,10.31,11.27,10.31,https://en.wikipedia.org/wiki/NGC_4477,,"2MASX J12300217+1338111,IRAS 12275+1354,MCG +02-32-097,PGC 041260,SDSS J123002.19+133811.5,UGC 07638"
631,NGC4501,G,12:31:59.16,+14:25:13.4,Com,8.65,4.38,10.33,10.24,10.33,https://en.wikipedia.org/wiki/Messier_88,,"2MASX J12315921+1425134,IRAS 12294+1441,MCG +03-32-059,PGC 041517,UGC 07675"
633,IC0010,G,00:20:17.34,+59:18:13.6,Cas,6.76,6.03,10.35,11.78,10.35,https://en.wikipedia.org/wiki/IC_10,,"2MASX J00201733+5918136,IRAS 00175+5902,IRAS 00177+5900,MCG +10-01-001,PGC 001305,UGC 00192"
634,NGC0613,G,01:34:18.17,-29:25:06.1,Scl,5.48,4.51,10.35,10.74,10.35,https://en.wikipedia.org/wiki/NGC_613,,"2MASX J01341823-2925065,ESO 413-011,ESO-LV 413-0110,IRAS 01319-2940,MCG -05-04-044,PGC 005849"
636,NGC0584,G,01:31:20.75,-06:52:05.0,Cet,3.78,2.51,10.35,11.31,10.35,https://en.wikipedia.org/wiki/NGC_584,,"2MASX J01312075-0652050,MCG -01-04-060,PGC 005663"
637,NGC0524,G,01:24:47.72,+09:32:19.8,Psc,3.37,3.35,10.35,11.4,10.35,https://en.wikipedia.org/wiki/NGC_524,,"2MASX J01244770+0932196,IRAS 01221+0916,MCG +01-04-053,PGC 005222,SDSS J012447.74+093220.0,UGC 00968"
638,NGC1332,G,03:26:17.25,-21:20:06.8,Eri,5.31,3.84,10.36,11.2,10.36,https://en.wikipedia.org/wiki/NGC_1332,,"2MASX J03261732-2120073,ESO 548-018,ESO-LV 548-0180,IRAS 03240-2130,MCG -04-09-011,PGC 012838,UGCA 072"
639,NGC3938,G,11:52:49.45,+44:07:14.6,UMa,3.55,3.44,10.36,10.88,10.36,https://en.wikipedia.org/wiki/NGC_3938,,"2MASX J11524945+4407146,IRAS 11502+4423,MCG +07-25-001,PGC 037229,SDSS J115249.43+440714.6,UGC 06856"
641,NGC5907,G,15:15:53.77,+56:19:43.6,Dra,11.3,1.75,10.37,11.07,10.37,https://en.wikipedia.org/wiki/NGC_5907,,"2MASX J15155368+5619438,IRAS 15146+5629,MCG +09-25-040,PGC 054470,SDSS J151553.77+561943.5,SDSS J151553.77+561943.6,UGC 09801"
642,NGC1512,G,04:03:54.28,-43:20:55.9,Hor,8.43,4.02,10.37,11.1,10.37,https://en.wikipedia.org/wiki/NGC_1512,,"2MASS J04035419-4320552,2MASX J04035428-4320558,ESO 250-004,ESO-LV 250-0040,IRAS 04022-4329,MCG -07-09-007,PGC 014391"
643,NGC1617,G,04:31:39.53,-54:36:08.2,Dor,5.24,2.5,10.37,11.18,10.37,https://en.wikipedia.org/wiki/NGC_1617,,"2MASX J04313953-5436081,ESO 157-041,ESO-LV 157-0410,IRAS 04305-5442,PGC 015405"
644,NGC1340,G,03:28:19.67,-31:04:05.4,For,5.12,3.12,10.37,11.22,10.37,https://en.wikipedia.org/wiki/NGC_1340,,"2MASX J03281966-3104054,ESO 418-005,ESO-LV 418-0050,MCG -05-09-005,PGC 012923"
645,NGC3941,G,11:52:55.36,+36:59:10.8,UMa,3.51,2.33,10.37,11.28,10.37,https://en.wikipedia.org/wiki/NGC_3941,,"2MASX J11525536+3659109,MCG +06-26-051,PGC 037235,SDSS J115255.35+365910.7,UGC 06857"
646,NGC2613,G,08:33:22.84,-22:58:25.2,Pyx,7.62,1.79,10.38,11.11,10.38,https://en.wikipedia.org/wiki/NGC_2613,,"2MASX J08332284-2258252,ESO 495-018,ESO-LV 495-0180,IRAS 08311-2248,MCG -04-21-003,PGC 023997,UGCA 141"
647,NGC3198,G,10:19:54.95,+45:32:58.6,UMa,6.46,1.84,10.38,10.9,10.38,https://en.wikipedia.org/wiki/NGC_3198,,"2MASX J10195499+4532588,IRAS 10168+4548,MCG +08-19-020,PGC 030197,SDSS J101954.92+453259.0,SDSS J101954.92+453259.1,UGC 05572"
649,NGC2655,G,08:55:37.73,+78:13:23.1,Cam,3.93,2.06,10.39,10.98,10.39,https://en.wikipedia.org/wiki/NGC_2655,,"2MASX J08553773+7813230,IRAS 08491+7824,MCG +13-07-010,PGC 025069,UGC 04637"
654,NGC5247,G,13:38:03.04,-17:53:02.5,Vir,5.32,4.26,10.41,10.77,10.41,https://en.wikipedia.org/wiki/NGC_5247,,"2MASX J13380303-1753025,ESO 577-014,ESO-LV 577-0140,IRAS 13353-1737,MCG -03-35-011,PGC 048171,UGCA 368"
655,NGC3640,G,11:21:06.85,+03:14:05.4,Leo,4.33,3.81,10.41,11.34,10.41,https://en.wikipedia.org/wiki/NGC_3640,,"2MASX J11210685+0314051,MCG +01-29-033,PGC 034778,UGC 06368"
656,NGC3557,G,11:09:57.64,-37:32:21.0,Cen,4.36,3.43,10.42,11.41,10.42,https://en.wikipedia.org/wiki/NGC_3557,,"2MASX J11095583-3732345,2MASX J11095765-3732210,2MASX J11095773-3732216,ESO 377-016,ESO-LV 337-0160,ESO-LV 377-0160,MCG -06-25-005,PGC 033871"
657,NGC3631,G,11:21:02.87,+53:10:10.4,UMa,3.72,3.08,10.42,10.71,10.42,https://en.wikipedia.org/wiki/NGC_3631,,"2MASX J11210294+5310099,IRAS 11181+5326,MCG +09-19-047,PGC 034767,SDSS J112102.87+531010.4,UGC 06360"
658,NGC4274,G,12:19:50.59,+29:36:52.1,Com,3.63,1.7,10.42,11.32,10.42,https://en.wikipedia.org/wiki/NGC_4274,,"2MASX J12195066+2936529,IRAS 12173+2953,MCG +05-29-060,PGC 039724,SDSS J121950.59+293652.9,UGC 07377"
661,IC5267,G,22:57:13.57,-43:23:46.1,Gru,5.58,4.06,10.43,11.39,10.43,https://en.wikipedia.org/wiki/IC_5267,,"2MASX J22571357-4323461,ESO 290-029,ESO-LV 290-0290,IRAS 22543-4339,MCG -07-47-007,PGC 070094"
662,NGC0045,G,00:14:03.99,-23:10:55.5,Cet,6.18,4.44,10.44,11.39,10.44,https://en.wikipedia.org/wiki/NGC_45,,"2MASX J00140398-2310555,ESO 473-001,ESO-LV 473-0010,IRAS 00115-2327,MCG -04-01-021,PGC 000930,UGCA 004"
664,NGC1326,G,03:23:56.40,-36:27:52.8,For,4.28,2.93,10.45,11.4,10.45,https://en.wikipedia.org/wiki/NGC_1326,,"2MASX J03235639-3627527,ESO 357-026,ESO-LV 357-0260,IRAS 03220-3638,MCG -06-08-011,PGC 012709"
666,NGC5101,G,13:21:46.24,-27:25:49.9,Hya,5.9,5.52,10.46,11.57,10.46,https://en.wikipedia.org/wiki/NGC_5101,,"2MASX J13214624-2725498,ESO 508-058,ESO-LV 508-0580,IRAS 13190-2709,MCG -04-32-008,PGC 046661,UGCA 351"
668,NGC4596,G,12:39:55.95,+10:10:34.1,Vir,3.93,3.3,10.46,11.3,10.46,https://en.wikipedia.org/wiki/NGC_4596,,"2MASX J12395593+1010337,MCG +02-32-170,PGC 042401,SDSS J123955.94+101034.0,UGC 07828"
669,NGC4656 NED01,G,12:43:57.67,+32:10:12.9,CVn,6.46,0.66,10.47,9.82,10.47,https://en.wikipedia.org/wiki/NGC4656_NED01,,"2MASX J12435764+3210130,IRAS 12415+3226,MCG +05-30-066 NED01,PGC 042863,UGC 07907 NED01"
670,NGC7217,G,22:07:52.39,+31:21:33.6,Peg,4.52,3.84,10.47,11.03,10.47,https://en.wikipedia.org/wiki/NGC_7217,,"2MASX J22075236+3121333,IRAS 22056+3106,MCG +05-52-001,PGC 068096,UGC 11914"
671,NGC1947,G,05:26:47.61,-63:45:36.1,Dor,3.48,3.18,10.47,11.65,10.47,https://en.wikipedia.org/wiki/NGC_1947,,"2MASX J05264761-6345360,ESO 085-087,ESO-LV 85-0870,IRAS 05264-6347,PGC 017296"
672,NGC4517,G,12:32:45.59,+00:06:54.1,Vir,9.02,1.42,10.48,11.19,10.48,https://en.wikipedia.org/wiki/NGC_4517,,"2MASX J12324558+0006541,IRAS 12301+0023,MCG +00-32-020,PGC 041618,SDSS J123244.76+000655.1,UGC 07694"
673,NGC4536,G,12:34:27.05,+02:11:17.3,Vir,7.08,2.55,10.48,11.07,10.48,https://en.wikipedia.org/wiki/NGC_4536,,"2MASS J12342707+0211174,2MASX J12342712+0211163,IRAS 12318+0227,MCG +00-32-023,PGC 041823,SDSS J123427.04+021117.2,UGC 07732"
674,NGC4754,G,12:52:17.50,+11:18:50.0,Vir,4.16,1.95,10.48,11.4,10.48,https://en.wikipedia.org/wiki/NGC_4754,,"2MASX J12521756+1118491,MCG +02-33-030,PGC 043656,SDSS J125217.49+111849.9,UGC 08010"
676,NGC5084,G,13:20:16.92,-21:49:39.3,Vir,9.93,2.46,10.49,11.6,10.49,https://en.wikipedia.org/wiki/NGC_5084,,"2MASX J13201692-2149392,ESO 576-033,ESO-LV 576-0330,MCG -04-32-004,PGC 046525"
678,NGC3726,G,11:33:21.12,+47:01:45.1,UMa,5.27,3.54,10.49,10.66,10.49,https://en.wikipedia.org/wiki/NGC_3726,,"2MASX J11332117+4701447,IRAS 11306+4718,MCG +08-21-051,PGC 035676,SDSS J113321.12+470145.1,UGC 06537"
679,NGC4654,G,12:43:56.58,+13:07:36.0,Vir,4.72,2.49,10.49,11.09,10.49,https://en.wikipedia.org/wiki/NGC_4654,,"2MASX J12435663+1307348,IRAS 12414+1324,MCG +02-33-004,PGC 042857,SDSS J124356.57+130736.0,SDSS J124356.58+130736.0,UGC 07902"
680,NGC5206,G,13:33:43.98,-48:09:04.2,Cen,4.26,2.81,10.49,11.93,10.49,https://en.wikipedia.org/wiki/NGC_5206,,"2MASX J13334398-4809044,ESO 220-018,ESO-LV 220-0180,PGC 047762"
681,NGC4527,G,12:34:08.42,+02:39:13.2,Vir,6.3,1.72,10.5,11.33,10.5,https://en.wikipedia.org/wiki/NGC_4527,,"2MASX J12340849+0239137,IRAS 12315+0255,MCG +01-32-101,PGC 041789,SDSS J123408.44+023913.7,UGC 07721"
683,NGC4664,G,12:45:05.99,+03:03:20.8,Vir,4.52,4.52,10.5,11.12,10.5,https://en.wikipedia.org/wiki/NGC_4664,,"2MASX J12450595+0303204,MCG +01-33-005,PGC 042970,SDSS J124505.99+030320.7,UGC 07924"
684,NGC6684,G,18:48:57.88,-65:10:24.4,Pav,4.19,2.96,10.5,11.31,10.5,https://en.wikipedia.org/wiki/NGC_6684,,"2MASX J18485789-6510244,ESO 104-016,ESO-LV 104-0160,PGC 062453"
693,NGC5566,G,14:20:19.89,+03:56:01.5,Vir,5.36,2.08,10.51,11.42,10.51,https://en.wikipedia.org/wiki/NGC_5566,,"2MASX J14201994+0356009,IRAS 14178+0409,MCG +01-37-002,PGC 051233,SDSS J142019.88+035601.4,UGC 09175"
694,IC4296,G,13:36:39.03,-33:57:57.0,Cen,4.62,2.43,10.51,11.57,10.51,https://en.wikipedia.org/wiki/IC_4296,,"2MASX J13363905-3357572,ESO 383-039,ESO-LV 383-0390,MCG -06-30-016,PGC 048040"
695,NGC4030,G,12:00:23.63,-01:06:00.3,Vir,3.78,2.65,10.51,11.15,10.51,https://en.wikipedia.org/wiki/NGC_4030,,"2MASX J12002364-0105598,IRAS 11578-0049,MCG +00-31-016,PGC 037845,SDSS J120023.33-010559.3,SDSS J120023.62-010600.2,SDSS J120023.62-010600.3,UGC 06993"
696,NGC2985,G,09:50:22.23,+72:16:43.1,UMa,3.61,2.92,10.51,11.21,10.51,https://en.wikipedia.org/wiki/NGC_2985,,"2MASX J09502223+7216431,IRAS 09459+7230,MCG +12-10-006,PGC 028316,UGC 05253"
697,NGC1300,G,03:19:41.08,-19:24:40.9,Eri,5.96,3.06,10.52,11.21,10.52,https://en.wikipedia.org/wiki/NGC_1300,,"2MASX J03194107-1924408,ESO 547-031,ESO-LV 547-0310,IRAS 03174-1935,MCG -03-09-018,PGC 012412,UGCA 066"
698,NGC5364,G,13:56:12.00,+05:00:52.1,Vir,3.8,1.66,10.52,11.19,10.52,https://en.wikipedia.org/wiki/NGC_5364,,"2MASX J13561200+0500520,IRAS 13536+0515,MCG +01-36-003,PGC 049555,UGC 08853"
699,NGC5813,G,15:01:11.23,+01:42:07.1,Vir,4.13,2.7,10.53,11.52,10.53,https://en.wikipedia.org/wiki/NGC_5813,,"2MASX J15011126+0142070,MCG +00-38-016,PGC 053643,SDSS J150111.23+014207.1,UGC 09655"
700,NGC3412,G,10:50:53.28,+13:24:43.7,Leo,3.96,2.17,10.53,11.44,10.53,https://en.wikipedia.org/wiki/NGC_3412,,"2MASX J10505331+1324437,MCG +02-28-016,PGC 032508,SDSS J105053.27+132443.6,UGC 05952"
701,NGC3109,G,10:03:06.88,-26:09:34.5,Hya,16.0,2.74,10.54,10.39,10.54,https://en.wikipedia.org/wiki/NGC_3109,,"2MASX J10030687-2609344,ESO 499-036,ESO-LV 499-0360,MCG -04-24-013,PGC 029128,UGCA 194"
702,NGC6221,G,16:52:46.08,-59:13:07.0,Ara,4.84,3.15,10.54,10.73,10.54,https://en.wikipedia.org/wiki/NGC_6221,,"2MASX J16524632-5913009,ESO 138-003,ESO-LV 138-0030,IRAS 16484-5908,PGC 059175"
703,IC1459,G,22:57:10.61,-36:27:44.0,Gru,4.61,3.23,10.54,10.94,10.54,https://en.wikipedia.org/wiki/IC_1459,,"2MASX J22571068-3627449,ESO 406-030,ESO-LV 406-0300,IRAS 22544-3643,MCG -06-50-016,PGC 070090"
704,NGC5746,G,14:44:55.92,+01:57:18.0,Vir,7.24,1.08,10.55,11.34,10.55,https://en.wikipedia.org/wiki/NGC_5746,,"2MASX J14445600+0157170,IRAS 14424+0209,MCG +00-38-005,PGC 052665,SDSS J144455.91+015717.8,SDSS J144455.91+015718.0,UGC 09499"
705,NGC3359,G,10:46:36.86,+63:13:27.2,UMa,4.07,2.83,10.55,11.07,10.55,https://en.wikipedia.org/wiki/NGC_3359,,"2MASX J10463684+6313251,IRAS 10433+6329,MCG +11-13-037,PGC 032183,SDSS J104636.85+631327.2,SDSS J104636.86+631327.2,UGC 05873"
706,NGC7049,G,21:19:00.30,-48:33:43.8,Ind,3.94,2.69,10.55,11.67,10.55,https://en.wikipedia.org/wiki/NGC_7049,,"2MASX J21190024-4833432,ESO 236-001,ESO-LV 236-0010,IRAS 21156-4846,PGC 066549"
707,NGC0404,G,01:09:27.02,+35:43:05.3,And,3.4,3.37,10.55,11.19,10.55,https://en.wikipedia.org/wiki/NGC_404,,"IRAS 01066+3527,MCG +06-03-018,PGC 004126,UGC 00718"
708,NGC3486,G,11:00:23.87,+28:58:30.5,LMi,5.82,4.12,10.57,11.07,10.57,https://en.wikipedia.org/wiki/NGC_3486,,"2MASX J11002394+2858293,IRAS 10576+2914,MCG +05-26-032,PGC 033166,SDSS J110023.86+285830.4,UGC 06079"
709,NGC4096,G,12:06:01.13,+47:28:42.4,UMa,5.65,1.43,10.57,11.1,10.57,https://en.wikipedia.org/wiki/NGC_4096,,"2MASX J12060116+4728420,IRAS 12034+4745,MCG +08-22-067,PGC 038361,SDSS J120601.13+472842.3,SDSS J120601.13+472842.4,UGC 07090"
710,NGC2217,G,06:21:39.78,-27:14:01.5,CMa,4.63,4.12,10.57,11.63,10.57,https://en.wikipedia.org/wiki/NGC_2217,,"2MASX J06213977-2714014,ESO 489-042,ESO-LV 489-0420,IRAS 06196-2712,MCG -05-15-010,PGC 018883"
711,NGC4314,G,12:22:31.82,+29:53:45.2,Com,3.7,3.56,10.57,11.42,10.57,https://en.wikipedia.org/wiki/NGC_4314,,"2MASX J12223197+2953430,IRAS 12200+3010,MCG +05-29-075,PGC 040097,SDSS J122232.01+295343.7,UGC 07443"
712,NGC4546,G,12:35:29.51,-03:47:35.5,Vir,3.16,1.76,10.57,11.34,10.57,https://en.wikipedia.org/wiki/NGC_4546,,"2MASX J12352950-0347356,MCG -01-32-027,PGC 041939,UGCA 288"
713,NGC4457,G,12:28:59.01,+03:34:14.1,Vir,2.79,2.37,10.57,11.42,10.57,https://en.wikipedia.org/wiki/NGC_4457,,"2MASX J12285901+0334141,IRAS 12264+0350,MCG +01-32-075,PGC 041101,SDSS J122858.90+033413.4,UGC 07609"
716,NGC4958,G,13:05:48.88,-08:01:13.0,Vir,4.79,1.2,10.59,11.49,10.59,https://en.wikipedia.org/wiki/NGC_4958,,"2MASX J13054887-0801129,MCG -01-33-084,PGC 045313,UGCA 323"
717,NGC2663,G,08:45:08.25,-33:47:41.1,Pyx,3.9,2.75,10.59,11.88,10.59,https://en.wikipedia.org/wiki/NGC_2663,,"2MASX J08450824-3347411,ESO 371-014,ESO-LV 371-0140,MCG -06-20-001,PGC 024590"
718,NGC6868,G,20:09:54.07,-48:22:46.4,Tel,3.58,3.13,10.59,11.66,10.59,https://en.wikipedia.org/wiki/NGC_6868,,"2MASX J20095408-4822462,ESO 233-039,ESO-LV 233-0390,PGC 064192"
719,NGC4088,G,12:05:34.19,+50:32:20.5,UMa,7.01,2.65,10.6,11.35,10.6,https://en.wikipedia.org/wiki/NGC_4088,,"2MASX J12053418+5032205,IRAS 12030+5049,MCG +09-20-089,PGC 038302,SDSS J120534.21+503221.5,UGC 07081"
720,NGC1055,G,02:41:45.23,+00:26:35.4,Cet,6.92,3.53,10.6,11.41,10.6,https://en.wikipedia.org/wiki/NGC_1055,,"2MASX J02414523+0026354,IRAS 02391+0013,MCG +00-07-081,PGC 010208,SDSS J024144.78+002642.4,UGC 02173"
721,NGC7814,G,00:03:14.89,+16:08:43.5,Peg,4.37,1.88,10.6,11.59,10.6,https://en.wikipedia.org/wiki/NGC_7814,,"2MASX J00031494+1608428,C 043,MCG +03-01-020,PGC 000218,SDSS J000315.04+160844.7,SDSS J000315.04+160844.8,UGC 00008"
722,NGC4442,G,12:28:03.88,+09:48:13.4,Vir,4.32,1.61,10.6,11.32,10.6,https://en.wikipedia.org/wiki/NGC_4442,,"2MASX J12280389+0948130,MCG +02-32-068,PGC 040950,SDSS J122803.88+094813.3,UGC 07583"
724,NGC1559,G,04:17:35.77,-62:47:01.2,Ret,4.19,2.18,10.6,11.02,10.6,https://en.wikipedia.org/wiki/NGC_1559,,"2MASX J04173578-6247012,ESO 084-010,ESO-LV 84-0100,IRAS 04170-6253,PGC 014814"
726,NGC1084,G,02:45:59.91,-07:34:42.5,Eri,3.4,2.25,10.6,11.18,10.6,https://en.wikipedia.org/wiki/NGC_1084,,"2MASX J02455992-0734431,IRAS 02435-0747,MCG -01-08-007,PGC 010464,SDSS J024559.90-073442.4"
732,NGC3166,G,10:13:45.60,+03:25:29.0,Sex,4.5,2.84,10.62,11.42,10.62,https://en.wikipedia.org/wiki/NGC_3166,,"2MASX J10134567+0325288,IRAS 10111+0340,MCG +01-26-024,PGC 029814,SDSS J101345.77+032529.8,SDSS J101345.78+032529.9,UGC 05516"
733,NGC4105,G,12:06:40.77,-29:45:36.8,Hya,4.33,3.41,10.62,11.57,10.62,https://en.wikipedia.org/wiki/NGC_4105,,"2MASX J12064076-2945366,ESO 440-054,ESO-LV 440-0540,MCG -05-29-013,PGC 038411"
734,NGC4856,G,12:59:21.27,-15:02:31.8,Vir,4.25,1.57,10.62,11.44,10.62,https://en.wikipedia.org/wiki/NGC_4856,,"2MASX J12592127-1502318,MCG -02-33-078,PGC 044582,UGCA 313"
735,NGC2442,G,07:36:23.84,-69:31:51.0,Vol,4.68,3.09,10.63,11.44,10.63,https://en.wikipedia.org/wiki/NGC_2442,,"2MASX J07362384-6931509,ESO 059-008,ESO-LV 59-0080,IRAS 07365-6924,PGC 021373"
736,NGC1302,G,03:19:51.18,-26:03:37.6,For,4.27,3.9,10.63,11.59,10.63,https://en.wikipedia.org/wiki/NGC_1302,,"2MASX J03195121-2603382,ESO 481-020,ESO-LV 481-0200,MCG -04-08-058,PGC 012431"
737,NGC3608,G,11:16:58.95,+18:08:55.3,Leo,3.18,2.67,10.63,11.57,10.63,https://en.wikipedia.org/wiki/NGC_3608,,"2MASX J11165896+1808547,MCG +03-29-022,PGC 034433,SDSS J111658.95+180855.2,UGC 06299"
738,NGC3893,G,11:48:38.19,+48:42:39.0,UMa,2.69,1.43,10.63,10.82,10.63,https://en.wikipedia.org/wiki/NGC_3893,,"2MASX J11483820+4842388,IRAS 11460+4859,MCG +08-22-007,PGC 036875,UGC 06778"
739,NGC6384,G,17:32:24.30,+07:03:37.0,Oph,2.45,1.11,10.63,11.62,10.63,https://en.wikipedia.org/wiki/NGC_6384,,"2MASX J17322430+0703369,IRAS 17299+0705,MCG +01-45-001,PGC 060459,SDSS J173224.27+070337.4,UGC 10891"
740,NGC2835,G,09:17:52.91,-22:21:16.8,Hya,6.43,3.72,10.64,11.06,10.64,https://en.wikipedia.org/wiki/NGC_2835,,"2MASX J09175290-2221168,ESO 564-035,ESO-LV 564-0350,IRAS 09156-2208,MCG -04-22-008,PGC 026259,UGCA 157"
741,NGC2986,G,09:44:16.04,-21:16:40.8,Hya,4.81,3.85,10.64,11.69,10.64,https://en.wikipedia.org/wiki/NGC_2986,,"2MASX J09441604-2116418,ESO 566-005,ESO-LV 566-0050,MCG -03-25-019,PGC 027885,UGCA 178"
742,NGC7727,G,23:39:53.72,-12:17:34.0,Aqr,3.61,2.75,10.64,11.57,10.64,https://en.wikipedia.org/wiki/NGC_7727,,"2MASX J23395386-1217348,MCG -02-60-008,PGC 072060"
743,NGC5078,G,13:19:49.98,-27:24:37.4,Hya,2.56,0.62,10.64,12.02,10.64,https://en.wikipedia.org/wiki/NGC_5078,,"2MASX J13195002-2724362,ESO 508-048,ESO-LV 508-0480,IRAS 13170-2708,MCG -04-32-001,PGC 046490"
744,NGC3962,G,11:54:40.10,-13:58:30.1,Crt,4.17,3.0,10.65,11.61,10.65,https://en.wikipedia.org/wiki/NGC_3962,,"2MASX J11544010-1358299,MCG -02-30-040,PGC 037366,UGCA 253"
745,NGC4698,G,12:48:22.91,+08:29:14.6,Vir,3.81,1.55,10.65,11.48,10.65,https://en.wikipedia.org/wiki/NGC_4698,,"2MASX J12482293+0829140,IRAS 12458+0845,MCG +02-33-024,PGC 043254,UGC 07970"
747,NGC1533,G,04:09:51.84,-56:07:06.4,Dor,3.27,2.04,10.65,11.79,10.65,https://en.wikipedia.org/wiki/NGC_1533,,"2MASX J04095185-5607063,ESO 157-003,ESO-LV 157-0030,IRAS 04088-5614,PGC 014582"
748,NGC4643,G,12:43:20.14,+01:58:41.8,Vir,2.24,1.75,10.65,11.22,10.65,https://en.wikipedia.org/wiki/NGC_4643,,"2MASX J12432013+0158422,IRAS 12407+0215,MCG +00-33-005,PGC 042797,SDSS J124319.16+015838.2,SDSS J124320.13+015841.7,UGC 07895"
749,NGC1367,G,03:35:01.34,-24:55:59.6,For,4.88,3.26,10.66,11.59,10.66,https://en.wikipedia.org/wiki/NGC_1367,,"2MASX J03350132-2455598,2MASX J03350135-2455591,ESO 482-010,ESO-LV 482-0100,MCG -04-09-029,PGC 013255,UGCA 079"
750,NGC3136,G,10:05:48.16,-67:22:40.7,Car,4.2,2.94,10.67,11.7,10.67,https://en.wikipedia.org/wiki/NGC_3136,,"2MASX J10054815-6722407,ESO 092-008,ESO-LV 92-0080,PGC 029311"
752,NGC5033,G,13:13:27.47,+36:35:38.2,CVn,9.84,4.58,10.68,10.7,10.68,https://en.wikipedia.org/wiki/NGC_5033,,"2MASX J13132753+3635371,IRAS 13111+3651,MCG +06-29-062,PGC 045948,SDSS J131327.49+363538.0,UGC 08307"
753,IC5152,G,22:02:41.51,-51:17:47.2,Ind,5.13,3.6,10.68,10.4,10.68,https://en.wikipedia.org/wiki/IC_5152,,"2MASX J22024152-5117471,ESO 237-027,ESO-LV 237-0270,IRAS 21594-5132,PGC 067908"
754,NGC2336,G,07:27:04.05,+80:10:41.1,Cam,5.01,2.81,10.68,11.19,10.68,https://en.wikipedia.org/wiki/NGC_2336,,"2MASX J07270405+8010410,IRAS 07184+8016,MCG +13-06-006,PGC 021033,UGC 03809"
755,NGC2146,G,06:18:37.71,+78:21:25.3,Cam,5.31,4.32,10.69,10.53,10.69,https://en.wikipedia.org/wiki/NGC_2146,,"2MASX J06183771+7821252,IRAS 06106+7822,MCG +13-05-022,PGC 018797,UGC 03429"
756,NGC1425,G,03:42:11.47,-29:53:36.0,For,4.91,2.15,10.7,11.32,10.7,https://en.wikipedia.org/wiki/NGC_1425,,"2MASX J03421146-2953359,2MASX J03421153-2953366,ESO 419-004,ESO-LV 419-0040,IRAS 03401-3002,MCG -05-09-023,PGC 013602,UGCA 084"
757,NGC3718,G,11:32:34.85,+53:04:04.5,UMa,4.7,2.34,10.7,11.52,10.7,https://en.wikipedia.org/wiki/NGC_3718,,"2MASX J11323494+5304041,MCG +09-19-114,PGC 035616,UGC 06524"
767,NGC3079,G,10:01:57.80,+55:40:47.2,UMa,8.18,1.29,10.71,11.41,10.71,https://en.wikipedia.org/wiki/NGC_3079,,"2MASX J10015792+5540480,IRAS 09585+5555,MCG +09-17-010,PGC 029050,SDSS J100157.94+554047.8,UGC 05387"
768,NGC5005,G,13:10:56.23,+37:03:33.1,CVn,4.82,1.52,10.71,10.54,10.71,https://en.wikipedia.org/wiki/NGC_5005,,"2MASX J13105631+3703321,C 029,IRAS 13086+3719,MCG +06-29-052,PGC 045749,UGC 08256"
770,NGC4710,G,12:49:38.83,+15:09:55.6,Com,4.39,1.13,10.71,11.6,10.71,https://en.wikipedia.org/wiki/NGC_4710,,"2MASX J12493895+1509557,IRAS 12471+1526,MCG +03-33-009,PGC 043375,UGC 07980"
771,NGC4936,G,13:04:16.89,-30:31:34.5,Cen,2.85,2.43,10.71,11.95,10.71,https://en.wikipedia.org/wiki/NGC_4936,,"2MASX J13041709-3031347,ESO 443-047,ESO-LV 443-0470,MCG -05-31-028,PGC 045174"
772,NGC1537,G,04:13:40.71,-31:38:43.5,Eri,4.35,2.76,10.72,11.47,10.72,https://en.wikipedia.org/wiki/NGC_1537,,"2MASX J04134070-3138434,ESO 420-012,ESO-LV 420-0120,MCG -05-11-005,PGC 014695"
774,NGC3898,G,11:49:15.37,+56:05:03.7,UMa,3.47,2.11,10.72,11.26,10.72,https://en.wikipedia.org/wiki/NGC_3898,,"2MASX J11491536+5605036,MCG +09-19-204,PGC 036921,SDSS J114915.24+560504.2,UGC 06787"
775,IC0500,G,08:12:39.60,-16:03:02.9,Pup,1.77,0.71,,,10.72,https://en.wikipedia.org/wiki/IC_500,,"2MASX J08123960-1603028,MCG -03-21-007,PGC 023011"
777,NGC4589,G,12:37:24.99,+74:11:30.9,Dra,2.93,2.31,10.74,11.7,10.74,https://en.wikipedia.org/wiki/NGC_4589,,"2MASX J12372503+7411307,MCG +12-12-013,PGC 042139,UGC 07797"
779,IC0422,G,05:32:18.55,-17:13:25.9,Lep,1.04,0.93,,,10.74,https://en.wikipedia.org/wiki/IC_422,,"2MASX J05321853-1713259,IRAS 05301-1715,MCG -03-15-001,PGC 017409"
780,NGC3945,G,11:53:13.73,+60:40:32.0,UMa,5.55,3.29,10.75,11.7,10.75,https://en.wikipedia.org/wiki/NGC_3945,,"2MASX J11531372+6040320,IRAS 11506+6056,MCG +10-17-096,PGC 037258,UGC 06860"
781,NGC4666,G,12:45:08.59,-00:27:42.8,Vir,4.97,1.97,10.75,11.46,10.75,https://en.wikipedia.org/wiki/NGC_4666,,"2MASX J12450867-0027428,IRAS 12425-0011,MCG +00-33-008,PGC 042975,SDSS J124508.16-002742.8,SDSS J124508.59-002742.7,UGC 07926"
782,NGC3245,G,10:27:18.39,+28:30:26.8,LMi,3.61,2.3,10.75,11.66,10.75,https://en.wikipedia.org/wiki/NGC_3245,,"2MASX J10271836+2830267,IRAS 10245+2845,MCG +05-25-013,PGC 030744,SDSS J102718.40+283026.6,UGC 05663"
783,NGC3810,G,11:40:58.76,+11:28:16.1,Leo,3.35,2.29,10.75,11.28,10.75,https://en.wikipedia.org/wiki/NGC_3810,,"2MASX J11405873+1128160,IRAS 11383+1144,MCG +02-30-010,PGC 036243,SDSS J114058.75+112816.0,SDSS J114058.75+112816.1,SDSS J114058.76+112816.1,UGC 06644"
784,NGC1387,G,03:36:57.06,-35:30:23.9,For,3.01,2.89,10.75,11.77,10.75,https://en.wikipedia.org/wiki/NGC_1387,,"2MASX J03365707-3530240,ESO 358-036,ESO-LV 358-0360,IRAS 03350-3540,MCG -06-09-007,PGC 013344"
787,NGC5419,G,14:03:38.73,-33:58:41.7,Cen,3.98,2.95,10.77,11.9,10.77,https://en.wikipedia.org/wiki/NGC_5419,,"2MASX J14033877-3358422,ESO 384-039,ESO-LV 384-0390,MCG -06-31-019,PGC 050100"
788,NGC5266,G,13:43:02.11,-48:10:09.9,Cen,2.92,2.09,10.77,12.02,10.77,https://en.wikipedia.org/wiki/NGC_5266,,"2MASX J13430212-4810097,ESO 220-033,ESO-LV 220-0330,IRAS 13399-4755,PGC 048593"
789,NGC0821,G,02:08:21.14,+10:59:41.7,Ari,2.45,2.1,10.77,11.76,10.77,https://en.wikipedia.org/wiki/NGC_821,,"2MASX J02082114+1059415,MCG +02-06-034,PGC 008160,UGC 01631"
790,NGC3610,G,11:18:25.27,+58:47:10.6,UMa,2.39,2.37,10.77,11.63,10.77,https://en.wikipedia.org/wiki/NGC_3610,,"2MASX J11182527+5847104,MCG +10-16-107,PGC 034566,SDSS J111825.27+584710.6,UGC 06319"
791,NGC4251,G,12:18:08.25,+28:10:31.4,Com,2.34,1.23,10.77,11.63,10.77,https://en.wikipedia.org/wiki/NGC_4251,,"2MASX J12180830+2810310,MCG +05-29-050,PGC 039492,UGC 07338"
792,NGC4026,G,11:59:25.19,+50:57:42.1,UMa,4.41,0.87,10.78,11.7,10.78,https://en.wikipedia.org/wiki/NGC_4026,,"2MASX J11592518+5057420,MCG +09-20-052,PGC 037760,UGC 06985"
793,NGC5044,G,13:15:23.97,-16:23:07.9,Vir,3.66,3.17,10.78,11.58,10.78,https://en.wikipedia.org/wiki/NGC_5044,,"2MASX J13152396-1623079,MCG -03-34-034,PGC 046115,UGCA 341"
794,NGC4618,G,12:41:32.85,+41:09:02.8,CVn,3.56,2.29,10.78,11.31,10.78,https://en.wikipedia.org/wiki/NGC_4618,,"2MASX J12413284+4109027,IRAS 12391+4125,MCG +07-26-037,PGC 042575,UGC 07853"
796,NGC5054,G,13:16:58.49,-16:38:05.5,Vir,5.04,2.9,10.79,11.64,10.79,https://en.wikipedia.org/wiki/NGC_5054,,"2MASX J13165848-1638054,IRAS 13142-1622,MCG -03-34-039,PGC 046247,UGCA 344"
797,NGC3904,G,11:49:13.22,-29:16:36.3,Hya,3.47,2.51,10.79,11.79,10.79,https://en.wikipedia.org/wiki/NGC_3904,,"2MASX J11491320-2916360,ESO 440-013,ESO-LV 440-0130,MCG -05-28-009,PGC 036918"
799,NGC1527,G,04:08:24.14,-47:53:49.3,Hor,4.58,1.79,10.8,11.71,10.8,https://en.wikipedia.org/wiki/NGC_1527,,"2MASX J04082413-4753493,ESO 201-020,ESO-LV 201-0200,PGC 014526"
804,NGC2566,G,08:18:45.66,-25:29:58.3,Pup,3.98,2.75,10.81,11.79,10.81,https://en.wikipedia.org/wiki/NGC_2566,,"2MASX J08184560-2529582,ESO 495-003,ESO-LV 495-0030,IRAS 08166-2520,MCG -04-20-008,PGC 023303,UGCA 138"
805,NGC5838,G,15:05:26.26,+02:05:57.6,Vir,3.86,1.29,10.81,11.79,10.81,https://en.wikipedia.org/wiki/NGC_5838,,"2MASX J15052627+0205576,IRAS 15029+0217,MCG +00-38-022,PGC 053862,UGC 09692"
806,NGC3613,G,11:18:36.11,+58:00:00.0,UMa,3.55,1.78,10.81,11.74,10.81,https://en.wikipedia.org/wiki/NGC_3613,,"2MASX J11183613+5759597,MCG +10-16-109,PGC 034583,SDSS J111836.10+580000.0,UGC 06323"
807,NGC1201,G,03:04:07.98,-26:04:10.7,For,3.41,1.96,10.81,11.7,10.81,https://en.wikipedia.org/wiki/NGC_1201,,"2MASX J03040796-2604105,ESO 480-028,ESO-LV 480-0280,MCG -04-08-023,PGC 011559"
808,NGC4111,G,12:07:03.13,+43:03:56.6,CVn,1.78,0.64,10.81,11.67,10.81,https://en.wikipedia.org/wiki/NGC_4111,,"2MASX J12070312+4303554,MCG +07-25-026,PGC 038440,UGC 07103"
812,NGC3665,G,11:24:43.67,+38:45:46.3,UMa,4.06,3.0,10.83,11.78,10.83,https://en.wikipedia.org/wiki/NGC_3665,,"2MASX J11244363+3845460,IRAS 11220+3902,MCG +07-24-003,PGC 035064,SDSS J112443.66+384546.0,UGC 06426"
813,NGC4371,G,12:24:55.43,+11:42:15.2,Vir,3.88,1.81,10.83,11.68,10.83,https://en.wikipedia.org/wiki/NGC_4371,,"2MASX J12245542+1142154,MCG +02-32-033,PGC 040442,SDSS J122455.43+114215.1,UGC 07493"
814,NGC6876,G,20:18:19.15,-70:51:31.7,Pav,3.46,3.0,10.83,11.94,10.83,https://en.wikipedia.org/wiki/NGC_6876,,"2MASX J20181914-7051317,ESO 073-035,ESO-LV 73-0350,PGC 064447"
817,NGC4192,G,12:13:48.29,+14:54:01.2,Com,11.04,2.66,10.84,10.82,10.84,https://en.wikipedia.org/wiki/Messier_98,,"2MASX J12134829+1454016,IRAS 12112+1510,MCG +03-31-079,PGC 039028,SDSS J121348.28+145401.6,UGC 07231"
818,NGC4036,G,12:01:26.75,+61:53:44.8,UMa,4.85,2.08,10.84,11.54,10.84,https://en.wikipedia.org/wiki/NGC_4036,,"2MASX J12012689+6153445,IRAS 11588+6210,MCG +10-17-125,PGC 037930,SDSS J120126.74+615344.7,SDSS J120126.75+615344.8,UGC 07005"
819,NGC7689,G,23:33:16.73,-54:05:40.1,Phe,3.1,1.97,10.84,12.13,10.84,https://en.wikipedia.org/wiki/NGC_7689,,"2MASX J23331672-5405401,ESO 192-007,ESO-LV 192-0070,IRAS 23305-5422,PGC 071729"
821,NGC5018,G,13:13:01.03,-19:31:05.5,Vir,3.49,2.17,10.85,11.68,10.85,https://en.wikipedia.org/wiki/NGC_5018,,"2MASX J13130099-1931058,ESO 576-010,ESO-LV 576-0100,IRAS 13103-1915,MCG -03-34-017,PGC 045908,UGCA 335"
822,NGC1637,G,04:41:28.18,-02:51:28.7,Eri,3.18,2.74,10.85,11.56,10.85,https://en.wikipedia.org/wiki/NGC_1637,,"2MASX J04412822-0251289,IRAS 04389-0257,MCG +00-12-068,PGC 015821,UGCA 093"
823,NGC0278,G,00:52:04.31,+47:33:01.8,Cas,2.36,2.3,10.85,11.49,10.85,https://en.wikipedia.org/wiki/NGC_278,,"2MASX J00520430+4733019,IRAS 00492+4716,MCG +08-02-016,PGC 003051,UGC 00528"
825,NGC2681,G,08:53:32.74,+51:18:49.2,UMa,3.97,3.97,10.86,11.15,10.86,https://en.wikipedia.org/wiki/NGC_2681,,"2MASX J08533273+5118493,IRAS 08500+5130,MCG +09-15-041,PGC 024961,UGC 04645"
827,NGC7090,G,21:36:28.86,-54:33:26.4,Ind,8.15,1.63,10.87,11.31,10.87,https://en.wikipedia.org/wiki/NGC_7090,,"2MASX J21362886-5433263,ESO 188-012,ESO-LV 188-0120,IRAS 21329-5446,PGC 067045"
828,NGC4450,G,12:28:29.63,+17:05:05.8,Com,5.46,3.78,10.87,10.81,10.87,https://en.wikipedia.org/wiki/NGC_4450,,"2MASX J12282963+1705058,IRAS 12259+1721,MCG +03-32-048,PGC 041024,UGC 07594"
829,NGC4350,G,12:23:57.87,+16:41:36.3,Com,2.8,1.33,10.87,11.81,10.87,https://en.wikipedia.org/wiki/NGC_4350,,"2MASX J12235781+1641360,MCG +03-32-023,PGC 040295,UGC 07473"
830,NGC1427,G,03:42:19.42,-35:23:33.2,For,4.33,2.87,10.88,11.78,10.88,https://en.wikipedia.org/wiki/NGC_1427,,"ESO 358-052,ESO-LV 358-0520,MCG -06-09-021,PGC 013609"
832,NGC3338,G,10:42:07.54,+13:44:49.2,Leo,1.23,0.71,10.88,11.44,10.88,https://en.wikipedia.org/wiki/NGC_3338,,"2MASX J10420754+1344489,IRAS 10394+1400,MCG +02-27-041,PGC 031883,SDSS J104207.53+134449.2,SDSS J104207.54+134449.2,UGC 05826"
833,NGC3169,G,10:14:15.05,+03:27:57.9,Sex,4.34,2.65,10.89,11.25,10.89,https://en.wikipedia.org/wiki/NGC_3169,,"2MASX J10141509+0327580,IRAS 10116+0342,MCG +01-26-026,PGC 029855,SDSS J101414.21+032802.6,SDSS J101415.04+032758.0,UGC 05525"
834,NGC2974,G,09:42:33.28,-03:41:56.9,Sex,3.48,2.13,10.89,11.88,10.89,https://en.wikipedia.org/wiki/NGC_2974,,"2MASX J09423326-0341568,IRAS 09400-0328,MCG +00-25-008,PGC 027762,UGCA 172"
837,NGC4267,G,12:19:45.24,+12:47:53.8,Vir,2.55,1.76,10.89,11.82,10.89,https://en.wikipedia.org/wiki/NGC_4267,,"2MASX J12194528+1247540,MCG +02-32-004,PGC 039710,SDSS J121945.27+124753.7,UGC 07373"
838,NGC3949,G,11:53:41.72,+47:51:31.3,UMa,2.26,1.32,10.89,11.37,10.89,https://en.wikipedia.org/wiki/NGC_3949,,"2MASX J11534174+4751316,IRAS 11510+4808,MCG +08-22-029,PGC 037290,SDSS J115341.72+475131.3,UGC 06869"
843,NGC5576,G,14:21:03.68,+03:16:15.6,Vir,2.83,1.87,10.9,11.79,10.9,https://en.wikipedia.org/wiki/NGC_5576,,"2MASX J14210369+0316157,MCG +01-37-007,PGC 051275,UGC 09183"
850,NGC1964,G,05:33:21.76,-21:56:44.8,Lep,5.16,2.33,10.91,11.53,10.91,https://en.wikipedia.org/wiki/NGC_1964,,"2MASX J05332175-2156447,ESO 554-010,ESO-LV 554-0100,IRAS 05312-2158,MCG -04-14-003,PGC 017436"
851,NGC3593,G,11:14:37.00,+12:49:03.6,Leo,4.69,1.85,10.91,11.85,10.91,https://en.wikipedia.org/wiki/NGC_3593,,"2MASX J11143700+1249048,IRAS 11119+1305,MCG +02-29-014,PGC 034257,SDSS J111436.99+124903.6,SDSS J111437.00+124903.6,UGC 06272"
852,NGC0986,G,02:33:34.35,-39:02:42.2,For,3.77,3.03,10.91,11.65,10.91,https://en.wikipedia.org/wiki/NGC_986,,"2MASX J02333434-3902422,ESO 299-007,ESO-LV 299-0070,IRAS 02315-3915,MCG -07-06-015,PGC 009747"
855,NGC0672,G,01:47:54.52,+27:25:58.0,Tri,7.01,2.71,10.92,11.41,10.92,https://en.wikipedia.org/wiki/NGC_672,,"2MASX J01475452+2725580,IRAS 01450+2710,MCG +04-05-011,PGC 006595,UGC 01256"
856,NGC2090,G,05:47:01.89,-34:15:02.2,Col,4.47,1.67,10.92,11.48,10.92,https://en.wikipedia.org/wiki/NGC_2090,,"2MASX J05470188-3415021,ESO 363-023,ESO-LV 363-0230,IRAS 05452-3416,MCG -06-13-009,PGC 017819"
857,NGC1187,G,03:02:37.59,-22:52:01.8,Eri,4.14,3.02,10.92,11.37,10.92,https://en.wikipedia.org/wiki/NGC_1187,,"2MASX J03023758-2252017,ESO 480-023,ESO-LV 480-0230,IRAS 03003-2303,MCG -04-08-016,PGC 011479,UGCA 049"
858,NGC4373,G,12:25:17.82,-39:45:35.0,Cen,3.98,2.11,10.92,11.9,10.92,https://en.wikipedia.org/wiki/NGC_4373,,"2MASX J12251781-3945347,ESO 322-006,ESO-LV 322-0060,MCG -06-27-025,PGC 040498"
859,NGC3348,G,10:47:10.00,+72:50:22.8,UMa,2.13,2.13,10.92,11.94,10.92,https://en.wikipedia.org/wiki/NGC_3348,,"2MASX J10470999+7250228,MCG +12-10-077,PGC 032216,UGC 05875"
861,NGC4179,G,12:12:52.11,+01:17:58.9,Vir,4.48,1.22,10.93,11.86,10.93,https://en.wikipedia.org/wiki/NGC_4179,,"2MASX J12125210+0117588,MCG +00-31-038,PGC 038950,SDSS J121252.11+011758.8,UGC 07214"
862,NGC4689,G,12:47:45.56,+13:45:46.1,Com,3.82,2.86,10.93,11.55,10.93,https://en.wikipedia.org/wiki/NGC_4689,,"2MASX J12474552+1345456,IRAS 12452+1402,MCG +02-33-022,PGC 043186,SDSS J124745.56+134546.1,UGC 07965"
863,NGC3887,G,11:47:04.57,-16:51:16.6,Crt,3.27,2.57,10.93,11.4,10.93,https://en.wikipedia.org/wiki/NGC_3887,,"2MASX J11470456-1651167,IRAS 11445-1634,MCG -03-30-012,PGC 036754,UGCA 246"
865,IC0433,G,05:40:31.35,-11:39:56.1,Lep,1.42,1.12,,,10.93,https://en.wikipedia.org/wiki/IC_433,,"2MASX J05403134-1139561,MCG -02-15-008,PGC 017580"
866,NGC1448,G,03:44:31.92,-44:38:41.4,Hor,8.02,1.53,10.94,11.38,10.94,https://en.wikipedia.org/wiki/NGC_1448,,"2MASX J03443191-4438413,ESO 249-016,ESO-LV 249-0160,IRAS 03428-4448,MCG -07-08-005,PGC 013727"
868,NGC2859,G,09:24:18.53,+34:30:48.6,LMi,3.19,2.78,10.94,11.87,10.94,https://en.wikipedia.org/wiki/NGC_2859,,"2MASX J09241854+3430481,MCG +06-21-030,PGC 026649,SDSS J092418.53+343048.5,UGC 05001"
870,NGC0596,G,01:32:52.08,-07:01:54.6,Cet,2.14,1.58,10.95,11.85,10.95,https://en.wikipedia.org/wiki/NGC_596,,"2MASX J01325190-0701535,MCG -01-05-005,PGC 005766"
871,IC0398,G,04:58:12.56,-07:46:48.9,Eri,1.18,0.34,,,10.95,https://en.wikipedia.org/wiki/IC_398,,"2MASX J04581253-0746493,IRAS 04558-0751,MCG -01-13-040,PGC 016433"
872,NGC4548,G,12:35:26.45,+14:29:46.8,Com,5.55,4.52,10.96,10.94,10.96,https://en.wikipedia.org/wiki/Messier_91,,"2MASX J12352642+1429467,IRAS 12328+1446,MCG +03-32-075,PGC 041934,SDSS J123526.45+142946.8,UGC 07753"
873,NGC3223,G,10:21:35.08,-34:16:00.5,Ant,4.28,2.79,10.96,11.78,10.96,https://en.wikipedia.org/wiki/NGC_3223,,"2MASX J10213507-3416004,ESO 375-012,ESO-LV 375-0120,IRAS 10193-3400,MCG -06-23-023,PGC 030308"
875,NGC4845,G,12:58:01.19,+01:34:33.0,Vir,5.5,1.2,10.97,11.9,10.97,https://en.wikipedia.org/wiki/NGC_4845,,"2MASX J12580124+0134320,IRAS 12554+0150,MCG +00-33-025,PGC 044392,SDSS J125801.18+013433.0,SDSS J125801.19+013433.0,UGC 08078"
876,IC4329,G,13:49:05.31,-30:17:45.1,Cen,4.74,2.65,10.97,12.24,10.97,https://en.wikipedia.org/wiki/IC_4329,,"2MASX J13490531-3017452,ESO 445-046,ESO-LV 445-0460,MCG -05-33-019,PGC 049025"
878,NGC3705,G,11:30:07.46,+09:16:35.9,Leo,4.31,1.74,10.97,11.76,10.97,https://en.wikipedia.org/wiki/NGC_3705,,"2MASX J11300745+0916358,IRAS 11275+0933,MCG +02-29-039,PGC 035440,UGC 06498"
879,NGC7205,G,22:08:34.29,-57:26:33.3,Tuc,3.7,1.71,10.97,11.56,10.97,https://en.wikipedia.org/wiki/NGC_7205,,"2MASX J22083427-5726331,ESO 146-009,ESO-LV 146-0090,IRAS 22052-5741,PGC 068128"
880,NGC4503,G,12:32:06.23,+11:10:35.1,Vir,3.48,1.58,10.97,11.95,10.97,https://en.wikipedia.org/wiki/NGC_4503,,"2MASX J12320619+1110351,MCG +02-32-118,PGC 041538,SDSS J123206.23+111035.0,UGC 07680"
881,NGC1600,G,04:31:39.94,-05:05:10.5,Eri,3.33,2.02,10.97,11.94,10.97,https://en.wikipedia.org/wiki/NGC_1600,,"2MASX J04313985-0505099,MCG -01-12-017,PGC 015406"
883,NGC7457,G,23:00:59.93,+30:08:41.8,Peg,3.95,2.25,10.98,11.87,10.98,https://en.wikipedia.org/wiki/NGC_7457,,"2MASX J23005993+3008416,MCG +05-54-026,PGC 070258,UGC 12306"
884,NGC3626,G,11:20:03.81,+18:21:24.6,Leo,2.94,1.94,10.98,11.8,10.98,https://en.wikipedia.org/wiki/NGC_3626,,"2MASX J11200379+1821244,C 040,MCG +03-29-032,PGC 034684,SDSS J112003.81+182124.6,UGC 06343"
885,NGC1515,G,04:04:02.72,-54:06:00.2,Dor,5.5,1.26,10.99,11.91,10.99,https://en.wikipedia.org/wiki/NGC_1515,,"2MASX J04040271-5406002,ESO 156-036,ESO-LV 156-0360,IRAS 04028-5414,PGC 014397"
886,NGC4691,G,12:48:13.63,-03:19:57.8,Vir,3.03,2.46,10.99,11.52,10.99,https://en.wikipedia.org/wiki/NGC_4691,,"2MASX J12481367-0319585,IRAS 12456-0303,MCG +00-33-013,PGC 043238,SDSS J124813.63-031957.7,SDSS J124813.65-031958.2,UGCA 299"
890,NGC7184,G,22:02:39.82,-20:48:46.2,Aqr,5.98,1.26,11.0,11.7,11.0,https://en.wikipedia.org/wiki/NGC_7184,,"2MASX J22023982-2048461,ESO 601-009,ESO-LV 601-0090,IRAS 21599-2103,MCG -04-52-009,PGC 067904,UGCA 425"
891,NGC3877,G,11:46:07.70,+47:29:39.6,UMa,5.36,1.23,11.0,11.8,11.0,https://en.wikipedia.org/wiki/NGC_3877,,"2MASX J11460778+4729401,IRAS 11434+4746,MCG +08-22-002,PGC 036699,SDSS J114607.79+472941.1,SDSS J114607.80+472941.1,SDSS J114607.80+472941.2,UGC 06745"
892,NGC7606,G,23:19:04.78,-08:29:06.3,Aqr,5.26,4.47,11.0,11.59,11.0,https://en.wikipedia.org/wiki/NGC_7606,,"2MASX J23190480-0829065,IRAS 23164-0845,MCG -02-59-012,PGC 071047,SDSS J231904.77-082906.3,SDSS J231904.78-082906.3"
895,NGC3091,G,10:00:14.29,-19:38:13.1,Hya,3.69,2.18,11.0,12.13,11.0,https://en.wikipedia.org/wiki/NGC_3091,,"2MASX J10001412-1938113,ESO 566-041,ESO-LV 566-0410,MCG -03-26-007,PGC 028927"
896,NGC7144,G,21:52:42.43,-48:15:13.5,Gru,3.41,3.2,11.0,11.69,11.0,https://en.wikipedia.org/wiki/NGC_7144,,"2MASX J21524246-4815142,ESO 237-011,ESO-LV 237-0110,PGC 067557"
897,NGC5850,G,15:07:07.69,+01:32:39.3,Vir,3.35,2.37,11.0,11.89,11.0,https://en.wikipedia.org/wiki/NGC_5850,,"2MASX J15070767+0132394,IRAS 15045+0144,MCG +00-39-002,PGC 053979,SDSS J150707.68+013239.2,SDSS J150707.68+013240.2,SDSS J150707.69+013239.3,UGC 09715"
903,NGC7640,G,23:22:06.58,+40:50:43.5,And,8.09,1.67,11.01,11.61,11.01,https://en.wikipedia.org/wiki/NGC_7640,,"2MASX J23220658+4050435,IRAS 23197+4034,MCG +07-48-002,PGC 071220,UGC 12554"
904,NGC4984,G,13:08:57.23,-15:30:58.7,Vir,3.37,2.5,11.01,12.19,11.01,https://en.wikipedia.org/wiki/NGC_4984,,"2MASX J13085721-1530586,IRAS 13062-1514,MCG -02-34-004,PGC 045585"
905,NGC5474,G,14:05:01.61,+53:39:44.0,UMa,2.39,1.57,11.01,11.48,11.01,https://en.wikipedia.org/wiki/NGC_5474,,"2MASX J14050160+5339439,IRAS 14032+5353,MCG +09-23-032,PGC 050216,SDSS J140501.41+533944.4,UGC 09013"
906,NGC3511,G,11:03:23.77,-23:05:12.4,Crt,6.04,2.0,11.02,11.54,11.02,https://en.wikipedia.org/wiki/NGC_3511,,"2MASX J11032376-2305124,ESO 502-013,ESO-LV 502-0130,IRAS 11009-2248,MCG -04-26-020,PGC 033385,UGCA 223"
907,NGC4388,G,12:25:46.75,+12:39:43.5,Vir,5.38,1.29,11.02,11.73,11.02,https://en.wikipedia.org/wiki/NGC_4388,,"2MASX J12254682+1239434,IRAS 12232+1256,MCG +02-32-041,PGC 040581,SDSS J122546.72+123942.7,UGC 07520"
908,NGC2640,G,08:37:24.62,-55:07:25.5,Car,4.67,4.0,11.02,12.08,11.02,https://en.wikipedia.org/wiki/NGC_2640,,"2MASX J08372462-5507254,ESO 165-002,IRAS 08360-5456,PGC 024229"
909,NGC5585,G,14:19:48.20,+56:43:44.6,UMa,4.27,2.62,11.02,11.39,11.02,https://en.wikipedia.org/wiki/NGC_5585,,"2MASX J14194820+5643445,IRAS 14182+5657,MCG +10-20-094,PGC 051210,SDSS J141948.25+564342.2,UGC 09179"
910,NGC4461,G,12:29:03.01,+13:11:01.5,Vir,3.61,1.23,11.02,11.92,11.02,https://en.wikipedia.org/wiki/NGC_4461,,"2MASX J12290301+1311018,MCG +02-32-084,PGC 041111,SDSS J122903.00+131101.7,UGC 07613"
911,NGC5921,G,15:21:56.56,+05:04:13.9,Se1,3.02,2.03,11.02,11.68,11.02,https://en.wikipedia.org/wiki/NGC_5921,,"2MASX J15215656+0504139,IRAS 15194+0514,MCG +01-39-021,PGC 054849,SDSS J152156.48+050414.2,UGC 09824"
912,NGC1087,G,02:46:25.16,-00:29:55.1,Cet,2.97,1.8,11.02,11.52,11.02,https://en.wikipedia.org/wiki/NGC_1087,,"2MASX J02462517-0029553,IRAS 02438-0042,MCG +00-08-009,PGC 010496,SDSS J024625.15-002955.2,SDSS J024625.16-002955.1,SDSS J024625.17-002955.3,SDSS J024625.32-002956.4,UGC 02245"
913,NGC3250,G,10:26:32.28,-39:56:38.2,Ant,2.96,2.2,11.02,12.16,11.02,https://en.wikipedia.org/wiki/NGC_3250,,"2MASX J10263227-3956380,ESO 317-026,ESO-LV 317-0260,MCG -07-22-007,PGC 030671"
914,NGC1379,G,03:36:03.95,-35:26:28.3,For,2.66,2.55,11.02,11.84,11.02,https://en.wikipedia.org/wiki/NGC_1379,,"2MASX J03360393-3526282,ESO 358-027,ESO-LV 358-0270,MCG -06-09-001,PGC 013299"
915,NGC5353,G,13:53:26.69,+40:16:58.9,CVn,2.37,1.18,11.02,11.99,11.02,https://en.wikipedia.org/wiki/NGC_5353,,"2MASX J13532674+4016592,MCG +07-29-010,PGC 049356,SDSS J135326.72+401659.4,UGC 08813"
916,NGC3193,G,10:18:24.90,+21:53:38.3,Leo,2.36,2.16,11.02,11.99,11.02,https://en.wikipedia.org/wiki/NGC_3193,,"2MASX J10182488+2153383,MCG +04-24-027,PGC 030099,UGC 05562"
917,NGC5557,G,14:18:25.72,+36:29:36.8,Boo,2.28,1.12,11.02,11.93,11.02,https://en.wikipedia.org/wiki/NGC_5557,,"2MASX J14182570+3629372,MCG +06-31-093,PGC 051104,SDSS J141825.72+362936.8,UGC 09161"
919,NGC7582,G,23:18:23.50,-42:22:14.0,Gru,6.95,3.18,11.03,11.36,11.03,https://en.wikipedia.org/wiki/NGC_7582,,"2MASX J23182362-4222140,ESO 291-016,ESO-LV 291-0160,IRAS 23156-4238,MCG -07-47-029,PGC 071001"
920,NGC4242,G,12:17:30.18,+45:37:09.5,CVn,3.8,2.67,11.03,11.59,11.03,https://en.wikipedia.org/wiki/NGC_4242,,"MCG +08-22-098,PGC 039423,SDSS J121730.17+453709.4,SDSS J121730.18+453709.5,UGC 07323"
921,NGC4394,G,12:25:55.53,+18:12:50.6,Com,3.48,3.35,11.03,11.63,11.03,https://en.wikipedia.org/wiki/NGC_4394,,"2MASX J12255562+1812501,IRAS 12234+1829,MCG +03-32-035,PGC 040614,UGC 07523"
922,NGC1385,G,03:37:28.85,-24:30:01.1,For,3.4,2.13,11.03,11.46,11.03,https://en.wikipedia.org/wiki/NGC_1385,,"2MASX J03372832-2430046,ESO 482-016,ESO-LV 482-0160,IRAS 03353-2439,MCG -04-09-036,PGC 013368"
923,NGC2950,G,09:42:35.15,+58:51:04.6,UMa,2.62,1.65,11.03,11.93,11.03,https://en.wikipedia.org/wiki/NGC_2950,,"2MASX J09423511+5851043,MCG +10-14-032,PGC 027765,SDSS J094235.14+585104.5,UGC 05176"
925,NGC2293,G,06:47:42.91,-26:45:15.7,CMa,4.41,3.44,11.04,12.23,11.04,https://en.wikipedia.org/wiki/NGC_2293,,"2MASX J06474291-2645156,ESO 490-049,ESO-LV 490-0490,MCG -04-16-023,PGC 019619"
926,NGC7418,G,22:56:36.16,-37:01:48.3,Gru,3.66,2.83,11.04,11.69,11.04,https://en.wikipedia.org/wiki/NGC_7418,,"2MASX J22563615-3701482,ESO 406-025,ESO-LV 406-0250,IRAS 22538-3717,MCG -06-50-013,PGC 070069"
927,NGC6861,G,20:07:19.48,-48:22:12.8,Tel,3.18,2.36,11.04,12.07,11.04,https://en.wikipedia.org/wiki/NGC_6861,,"2MASX J20071948-4822129,ESO 233-032,ESO-LV 233-0320,IRAS 20037-4830,PGC 064136"
928,NGC6753,G,19:11:23.64,-57:02:58.4,Pav,2.97,2.6,11.04,11.91,11.04,https://en.wikipedia.org/wiki/NGC_6753,,"2MASX J19112363-5702584,ESO 184-022,ESO-LV 184-0220,IRAS 19071-5707,PGC 062870"
929,NGC1052,G,02:41:04.80,-08:15:20.8,Cet,2.94,2.07,11.04,11.45,11.04,https://en.wikipedia.org/wiki/NGC_1052,,"2MASX J02410480-0815209,IRAS 02386-0828,MCG -01-07-034,PGC 010175"
930,NGC4469,G,12:29:28.03,+08:44:59.7,Vir,2.86,1.05,11.04,12.0,11.04,https://en.wikipedia.org/wiki/NGC_4469,,"2MASX J12292799+0845006,IRAS 12269+0901,MCG +02-32-089,PGC 041164,SDSS J122928.02+084459.7,SDSS J122928.03+084459.7,UGC 07622"
933,NGC3189,G,10:18:05.63,+21:49:56.3,Leo,3.64,1.22,11.05,11.88,11.05,https://en.wikipedia.org/wiki/NGC_3189,,"2MASX J10180564+2149549,IRAS 10153+2204,MCG +04-24-026,PGC 030083,SDSS J101805.65+214956.0,UGC 05559"
934,NGC1073,G,02:43:40.52,+01:22:34.0,Cet,3.54,2.23,11.05,11.68,11.05,https://en.wikipedia.org/wiki/NGC_1073,,"2MASX J02434059+0122331,IRAS 02411+0109,MCG +00-08-001,PGC 010329,UGC 02210"
935,NGC2855,G,09:21:27.49,-11:54:34.2,Hya,3.45,1.85,11.05,12.55,11.05,https://en.wikipedia.org/wiki/NGC_2855,,"2MASX J09212749-1154341,IRAS 09190-1141,MCG -02-24-015,PGC 026483,UGCA 161"
936,NGC7332,G,22:37:24.54,+23:47:54.0,Peg,2.95,0.71,11.05,11.96,11.05,https://en.wikipedia.org/wiki/NGC_7332,,"2MASX J22372452+2347540,MCG +04-53-008,PGC 069342,UGC 12115"
939,NGC2207,G,06:16:22.03,-21:22:21.6,CMa,4.86,2.71,11.06,12.13,11.06,https://en.wikipedia.org/wiki/NGC_2207,,"2MASX J06162209-2122217,ESO 556-008,ESO-LV 556-0080,IRAS 06142-2121,MCG -04-15-020,PGC 018749,UGCA 124"
940,NGC4419,G,12:26:56.44,+15:02:50.6,Com,3.89,1.3,11.06,11.98,11.06,https://en.wikipedia.org/wiki/NGC_4419,,"2MASX J12265643+1502507,IRAS 12244+1519,MCG +03-32-038,PGC 040772,SDSS J122656.42+150250.4,UGC 07551"
941,NGC1400,G,03:39:30.84,-18:41:17.1,Eri,2.81,2.52,11.06,11.93,11.06,https://en.wikipedia.org/wiki/NGC_1400,,"2MASX J03393085-1841172,ESO 548-062,ESO-LV 548-0620,IRAS 03372-1850,MCG -03-10-022,PGC 013470"
942,NGC7619,G,23:20:14.53,+08:12:22.5,Peg,2.53,1.97,11.06,12.11,11.06,https://en.wikipedia.org/wiki/NGC_7619,,"2MASX J23201452+0812226,MCG +01-59-052,PGC 071121,SDSS J232014.51+081222.4,UGC 12523"
943,NGC0864,G,02:15:27.64,+06:00:09.4,Cet,3.72,2.57,11.07,11.62,11.07,https://en.wikipedia.org/wiki/NGC_864,,"2MASX J02152764+0600094,IRAS 02128+0546,MCG +01-06-061,PGC 008631,UGC 01736"
944,NGC5982,G,15:38:39.83,+59:21:21.0,Dra,3.07,2.0,11.07,11.98,11.07,https://en.wikipedia.org/wiki/NGC_5982,,"2MASX J15383977+5921212,MCG +10-22-029,PGC 055674,SDSS J153839.82+592121.0,UGC 09961"
946,NGC4866,G,12:59:27.14,+14:10:15.8,Vir,5.77,0.98,11.08,12.0,11.08,https://en.wikipedia.org/wiki/NGC_4866,,"2MASX J12592713+1410157,MCG +02-33-045,PGC 044600,UGC 08102"
948,NGC4608,G,12:41:13.29,+10:09:20.4,Vir,2.88,2.49,11.08,11.91,11.08,https://en.wikipedia.org/wiki/NGC_4608,,"2MASX J12411328+1009208,MCG +02-32-177,PGC 042545,SDSS J124113.28+100920.3,UGC 07842"
949,NGC4041,G,12:02:12.20,+62:08:14.0,UMa,2.57,2.39,11.08,11.65,11.08,https://en.wikipedia.org/wiki/NGC_4041,,"2MASX J12021217+6208142,IRAS 11596+6224,MCG +10-17-129,PGC 037999,SDSS J120212.20+620813.9,SDSS J120212.20+620814.0,UGC 07014"
950,IC2469,G,09:23:01.06,-32:26:59.1,Pyx,5.79,1.17,11.09,12.14,11.09,https://en.wikipedia.org/wiki/IC_2469,,"2MASX J09230105-3226591,ESO 433-017,MCG -05-22-008,PGC 026561,UGCA 163"
951,NGC0578,G,01:30:29.09,-22:40:02.5,Cet,4.82,2.92,11.09,11.54,11.09,https://en.wikipedia.org/wiki/NGC_578,,"ESO 476-015,ESO-LV 476-0150,IRAS 01280-2255,MCG -04-04-020,PGC 005619,UGCA 018"
952,NGC4100,G,12:06:08.45,+49:34:57.7,UMa,4.56,1.3,11.09,11.71,11.09,https://en.wikipedia.org/wiki/NGC_4100,,"2MASX J12060860+4934563,IRAS 12036+4951,MCG +08-22-068,PGC 038370,SDSS J120608.45+493457.6,UGC 07095"
953,NGC7479,G,23:04:56.65,+12:19:22.4,Peg,3.65,2.72,11.09,11.73,11.09,https://en.wikipedia.org/wiki/NGC_7479,,"2MASX J23045666+1219223,C 044,IRAS 23024+1203,MCG +02-58-060,PGC 070419,SDSS J230456.65+121922.3,UGC 12343"
954,NGC3414,G,10:51:16.21,+27:58:30.4,LMi,2.67,1.37,11.09,12.06,11.09,https://en.wikipedia.org/wiki/NGC_3414,,"2MASX J10511624+2758298,MCG +05-26-021,PGC 032533,SDSS J105116.20+275830.3,UGC 05959"
958,NGC4709,G,12:50:03.88,-41:22:55.1,Cen,3.09,1.51,11.1,12.09,11.1,https://en.wikipedia.org/wiki/NGC_4709,,"2MASX J12500394-4122554,ESO 323-003,ESO-LV 323-0030,MCG -07-26-056,PGC 043423"
959,NGC4208,G,12:15:39.36,+13:54:05.4,Com,2.8,1.69,11.1,11.78,11.1,https://en.wikipedia.org/wiki/NGC_4208,,"2MASX J12153937+1354053,IRAS 12130+1411,MCG +02-31-070,PGC 039224,UGC 07275"
961,IC4662,G,17:47:08.87,-64:38:30.3,Pav,2.09,0.83,11.1,11.8,11.1,https://en.wikipedia.org/wiki/IC_4662,,"2MASX J17470919-6438192,2MASX J17471068-6438207,ESO 102-014,ESO-LV 102-0140,IRAS 17422-6437,PGC 060849,PGC 060851"
964,NGC4261,G,12:19:23.22,+05:49:30.8,Vir,4.25,3.35,11.11,11.18,11.11,https://en.wikipedia.org/wiki/NGC_4261,,"2MASX J12192326+0549289,MCG +01-31-052,PGC 039659,SDSS J121922.98+054930.4,SDSS J121922.98+054930.5,SDSS J121923.21+054929.6,SDSS J121923.21+054929.7,UGC 07360"
965,NGC1569,G,04:30:49.06,+64:50:52.6,Cam,3.91,2.16,11.11,11.79,11.11,https://en.wikipedia.org/wiki/NGC_1569,,"2MASX J04304918+6450525,IRAS 04260+6444,MCG +11-06-001,PGC 015345,TYC 4073-90-1,UGC 03056"
966,NGC4570,G,12:36:53.40,+07:14:47.9,Vir,3.88,0.94,11.11,11.71,11.11,https://en.wikipedia.org/wiki/NGC_4570,,"2MASX J12365340+0714479,MCG +01-32-114,PGC 042096,UGC 07785"
967,IC2163,G,06:16:27.98,-21:22:33.1,CMa,3.37,0.95,11.11,11.74,11.11,https://en.wikipedia.org/wiki/IC_2163,,"2MASX J06162800-2122330,ESO 556-009,ESO-LV 556-0090,MCG -04-15-021,PGC 018751,UGCA 125"
968,NGC6643,G,18:19:46.41,+74:34:06.1,Dra,3.32,1.63,11.11,11.76,11.11,https://en.wikipedia.org/wiki/NGC_6643,,"2MASX J18194636+7434062,IRAS 18212+7432,MCG +12-17-021,PGC 061742,UGC 11218"
969,NGC6340,G,17:10:24.85,+72:18:16.0,Dra,3.04,2.88,11.11,11.97,11.11,https://en.wikipedia.org/wiki/NGC_6340,,"2MASX J17102496+7218156,MCG +12-16-023,PGC 059742,SDSS J171024.84+721815.9,UGC 10762"
970,NGC4995,G,13:09:40.65,-07:50:00.3,Vir,2.43,1.49,11.11,11.92,11.11,https://en.wikipedia.org/wiki/NGC_4995,,"2MASX J13094065-0750002,IRAS 13070-0734,MCG -01-34-007,PGC 045643,UGCA 329"
971,NGC4448,G,12:28:15.43,+28:37:13.1,Com,1.58,1.04,11.11,12.04,11.11,https://en.wikipedia.org/wiki/NGC_4448,,"2MASX J12281542+2837130,IRAS 12257+2853,MCG +05-29-089,PGC 040988,UGC 07591"
972,IC5250A,G,22:47:17.50,-65:03:35.0,Tuc,1.51,1.31,11.11,12.56,11.11,https://en.wikipedia.org/wiki/IC5250A,,"ESO 109-022,PGC 069713"
973,NGC2280,G,06:44:49.11,-27:38:19.0,CMa,6.53,2.84,11.12,11.06,11.12,https://en.wikipedia.org/wiki/NGC_2280,,"2MASX J06444911-2738189,ESO 427-002,ESO-LV 427-0020,IRAS 06428-2735,MCG -05-16-020,PGC 019531,UGCA 131"
974,NGC0210,G,00:40:35.02,-13:52:22.1,Cet,4.98,3.02,11.12,11.72,11.12,https://en.wikipedia.org/wiki/NGC_210,,"2MASX J00403502-1352220,IRAS 00380-1408,MCG -02-02-081,PGC 002437"
975,NGC7145,G,21:53:20.24,-47:52:56.8,Gru,2.95,0.76,11.12,12.03,11.12,https://en.wikipedia.org/wiki/NGC_7145,,"2MASX J21532023-4752569,ESO 237-013,ESO-LV 237-0130,PGC 067583"
976,NGC2380,G,07:23:54.75,-27:31:44.6,CMa,2.52,2.4,11.12,12.29,11.12,https://en.wikipedia.org/wiki/NGC_2380,,"2MASX J07235474-2731446,ESO 492-012,ESO-LV 492-0120,MCG -05-18-005,PGC 020916"
977,NGC7626,G,23:20:42.55,+08:13:01.1,Peg,2.5,2.1,11.12,12.18,11.12,https://en.wikipedia.org/wiki/NGC_7626,,"2MASX J23204252+0813014,MCG +01-59-057,PGC 071140,UGC 12531"
978,NGC4638,G,12:42:47.42,+11:26:33.0,Vir,2.31,1.5,11.12,12.06,11.12,https://en.wikipedia.org/wiki/NGC_4638,,"2MASX J12424743+1126328,MCG +02-32-187,PGC 042728,SDSS J124247.42+112633.0,UGC 07880"
979,IC2375,G,08:26:19.67,-13:18:11.3,Pup,2.18,0.35,,,11.12,https://en.wikipedia.org/wiki/IC_2375,,"2MASX J08261966-1318113,MCG -02-22-014,PGC 023672"
980,NGC5483,G,14:10:25.03,-43:19:28.6,Cen,3.42,3.08,11.13,11.93,11.13,https://en.wikipedia.org/wiki/NGC_5483,,"2MASX J14102503-4319285,ESO 271-019,ESO-LV 271-0190,IRAS 14072-4305,MCG -07-29-008,PGC 050600"
981,NGC5087,G,13:20:24.96,-20:36:39.6,Vir,2.99,2.52,11.13,12.22,11.13,https://en.wikipedia.org/wiki/NGC_5087,,"2MASX J13202496-2036396,ESO 576-035,ESO-LV 576-0350,IRAS 13177-2021,MCG -03-34-050,PGC 046541,UGCA 350"
982,NGC7177,G,22:00:41.24,+17:44:17.0,Peg,2.85,1.93,11.13,11.86,11.13,https://en.wikipedia.org/wiki/NGC_7177,,"2MASX J22004125+1744172,MCG +03-56-003,PGC 067823,SDSS J220041.21+174417.5,UGC 11872"
983,NGC1596,G,04:27:38.11,-55:01:40.1,Dor,3.87,1.02,11.14,12.01,11.14,https://en.wikipedia.org/wiki/NGC_1596,,"2MASX J04273810-5501401,ESO 157-031,ESO-LV 157-0310,PGC 015153"
984,NGC2549,G,08:18:58.35,+57:48:11.0,Lyn,3.63,0.92,11.14,12.11,11.14,https://en.wikipedia.org/wiki/NGC_2549,,"2MASX J08185834+5748111,MCG +10-12-124,PGC 023313,SDSS J081858.35+574810.9,UGC 04313"
985,NGC1374,G,03:35:16.59,-35:13:34.5,For,2.86,2.65,11.14,12.01,11.14,https://en.wikipedia.org/wiki/NGC_1374,,"2MASX J03351659-3513345,ESO 358-023,ESO-LV 358-0230,MCG -06-08-029,PGC 013267"
987,NGC7213,G,22:09:16.31,-47:09:59.8,Gru,4.84,3.89,11.15,10.99,11.15,https://en.wikipedia.org/wiki/NGC_7213,,"2MASX J22091625-4709599,ESO 288-043,ESO-LV 288-0430,IRAS 22061-4724,PGC 068165"
988,NGC4062,G,12:04:03.83,+31:53:44.9,UMa,4.14,1.61,11.15,11.89,11.15,https://en.wikipedia.org/wiki/NGC_4062,,"2MASX J12040383+3153449,IRAS 12015+3210,MCG +05-29-004,PGC 038150,SDSS J120403.82+315344.8,SDSS J120403.83+315344.9,UGC 07045"
989,NGC4340,G,12:23:35.29,+16:43:20.5,Com,2.82,1.79,11.15,12.08,11.15,https://en.wikipedia.org/wiki/NGC_4340,,"2MASX J12233531+1643199,MCG +03-32-021,PGC 040245,SDSS J122335.28+164320.4,UGC 07467"
990,NGC6907,G,20:25:06.63,-24:48:33.0,Cap,3.33,2.68,11.16,11.92,11.16,https://en.wikipedia.org/wiki/NGC_6907,,"2MASX J20250664-2448335,ESO 528-003,ESO-LV 528-0030,IRAS 20221-2458,MCG -04-48-006,PGC 064650,UGCA 418"
991,NGC1700,G,04:56:56.31,-04:51:56.8,Eri,3.11,1.98,11.16,12.03,11.16,https://en.wikipedia.org/wiki/NGC_1700,,"2MASX J04565634-0451566,MCG -01-13-038,PGC 016386"
992,NGC2300,G,07:32:19.97,+85:42:34.2,Cep,3.05,2.34,11.16,12.18,11.16,https://en.wikipedia.org/wiki/NGC_2300,,"2MASX J07322048+8542319,MCG +14-04-031,PGC 021231,UGC 03798"
993,NGC3078,G,09:58:24.61,-26:55:36.0,Hya,3.04,2.48,11.16,12.07,11.16,https://en.wikipedia.org/wiki/NGC_3078,,"2MASX J09582458-2655356,ESO 499-027,ESO-LV 499-0270,MCG -04-24-009,PGC 028806"
994,NGC6215,G,16:51:06.81,-58:59:36.5,Ara,2.64,2.34,11.16,11.89,11.16,https://en.wikipedia.org/wiki/NGC_6215,,"2MASX J16510681-5859364,ESO 137-046,ESO-LV 137-0460,IRAS 16467-5854,PGC 059112"
995,NGC6015,G,15:51:25.23,+62:18:36.1,Dra,5.81,2.57,11.17,11.61,11.17,https://en.wikipedia.org/wiki/NGC_6015,,"2MASX J15512523+6218361,IRAS 15506+6227,MCG +10-23-003,PGC 056219,UGC 10075"
996,NGC2366,G,07:28:54.66,+69:12:56.8,Cam,4.37,1.44,11.17,11.56,11.17,https://en.wikipedia.org/wiki/NGC_2366,,"IRAS 07233+6917,MCG +12-07-040,PGC 021102,UGC 03851"
997,NGC1255,G,03:13:32.04,-25:43:30.6,For,4.05,2.24,11.17,11.6,11.17,https://en.wikipedia.org/wiki/NGC_1255,,"2MASX J03133204-2543306,ESO 481-013,ESO-LV 481-0130,IRAS 03113-2554,MCG -04-08-050,PGC 012007,UGCA 060"
998,NGC3423,G,10:51:14.33,+05:50:24.1,Sex,3.56,3.03,11.17,11.61,11.17,https://en.wikipedia.org/wiki/NGC_3423,,"2MASX J10511434+0550243,MCG +01-28-012,PGC 032529,SDSS J105114.32+055024.0,SDSS J105114.33+055024.1,UGC 05962"
999,NGC4027,G,11:59:30.17,-19:15:54.8,Crv,3.54,2.8,11.17,11.58,11.17,https://en.wikipedia.org/wiki/NGC_4027,,"2MASX J11593016-1915546,ESO 572-037,ESO-LV 572-0370,IRAS 11569-1859,MCG -03-31-008,PGC 037773,UGCA 260"
1000,NGC7713,G,23:36:14.99,-37:56:17.1,Scl,4.91,2.13,11.18,11.49,11.18,https://en.wikipedia.org/wiki/NGC_7713,,"2MASX J23361515-3756221,ESO 347-028,ESO-LV 347-0280,MCG -06-51-013,PGC 071866"
